-5.793137,0.640368,-0.538031,-3.633062,36.28209
0.0075,-0.033,-0.278,-0.0347,36.2251
0.1475,-0.0897,-1.2607,-0.1879,36.227
-0.5609,0.0413,0.8349,0.7891,36.2386
-0.4321,0.0769,-0.3978,0.1392,36.2299
-2.9578,-0.0154,0.9483,0.1296,36.2357
3.3836,0.1566,-0.9614,-0.7271,36.2281
-1.9204,-0.0403,0.6257,-0.2574,36.2349
2.05,-0.0249,-0.5348,-0.387,36.2258
-0.9631,-0.0274,-0.5734,-0.6191,36.2297
1.4175,-0.1025,0.1606,0.4223,36.2192
-0.1542,0.0167,-0.4762,0.0807,36.2281
-0.1257,-0.0427,-1.1295,0.0899,36.2253
-0.1457,0.07,0.8531,0.5637,36.2319
-0.75,0.0703,-0.2517,-0.0349,36.2284
-2.8001,-0.0329,0.945,-0.0804,36.2328
4.0186,0.1345,-1.2689,-0.9459,36.2361
-2.4945,-0.053,0.8862,0.0381,36.2328
2.2483,0.0034,-0.5433,-0.404,36.2328
-1.3648,0.024,-0.4963,-0.536,36.2296
1.9517,-0.0749,0.053,0.255,36.2279
-0.3057,0.0339,-0.2248,-0.0507,36.2376
0.9135,-0.0044,-1.2267,-0.2566,36.2364
-1.1652,0.0605,1.0094,0.9432,36.2332
0.8808,0.0669,-0.9599,-0.1474,36.229
-3.7619,-0.0561,1.1305,0.3083,36.2332
4.4034,0.1386,-1.5038,-0.9331,36.2278
-3.9561,0.0028,1.6953,0.2411,36.2291
2.4567,-0.0088,-0.7554,-0.4868,36.2288
-0.771,0.1137,-0.4704,-0.6565,36.2353
1.581,-0.0093,0.0891,0.0408,36.2352
0.9754,0.0704,-0.2756,0.0328,36.2402
-0.067,0.0371,-1.023,-0.4701,36.228
0.5931,0.0153,0.8569,0.966,36.2092
0.7761,0.0717,-1.1385,-0.2136,36.2292
-0.893,-0.065,-0.1494,0.4428,36.2323
0.6657,0.0765,0.0278,-0.4424,36.2374
-0.6879,0.0476,0.3088,0.1056,36.2335
-2.6188,-0.0352,1.0027,-0.1621,36.2288
4.1508,0.1753,-1.7396,-0.8796,36.2281
-3.331,0.0373,1.6003,0.2849,36.2295
2.7114,0.0396,-0.8585,-0.55,36.2419
-1.4001,0.16,0.0332,-0.4617,36.2429
1.598,0.0042,-0.1545,0.1793,36.2219
1.1184,0.074,-0.1299,0.2616,36.232
0.2213,0.0269,-0.8996,-0.5624,36.2256
0.3612,-0.0014,0.3956,0.6418,36.2206
0.972,0.0731,-0.7138,0.0127,36.2306
0.0478,-0.0598,-0.6407,-0.1505,36.2335
-0.7636,0.0635,0.4508,0.0398,36.2346
1.8816,0.0982,-0.2473,-0.1102,36.2351
-4.21,-0.0575,0.6751,0.4599,36.2257
4.8073,0.1526,-1.2294,-1.0214,36.2363
-3.0437,0.0816,0.9625,0.7743,36.2299
0.9568,-0.0118,0.1699,-0.6359,36.227
2.3747,0.183,-0.7887,-0.4524,36.2332
-2.3983,0.0115,0.5966,-0.1326,36.2374
2.8463,0.029,-0.3644,0.0536,36.238
-1.2636,0.1103,-0.3033,-0.426,36.2326
1.1244,0.0037,-0.2443,0.0397,36.2313
1.2492,0.1019,0.2713,0.3363,36.2313
0.4702,0.003,-1.237,-0.847,36.2379
0.1198,0.0045,0.5538,0.6739,36.2256
0.9821,0.1077,-0.7177,0.012,36.2292
0.7538,-0.0551,-0.5727,-0.385,36.2364
-0.9145,0.0518,0.6768,0.3965,36.2304
1.8239,0.143,-0.7538,-0.2095,36.2267
-2.2576,-0.0868,0.5753,0.7692,36.2152
3.1669,0.1208,-0.9145,-0.8157,36.2395
-0.8927,0.1213,0.4526,0.235,36.2273
-1.8188,-0.0708,0.8452,0.059,36.2262
3.9638,0.1725,-1.3139,-0.8441,36.2286
-3.0016,0.0439,0.7995,0.4768,36.2348
1.7707,-0.0415,-0.0234,-0.484,36.2161
1.852,0.1744,-0.6612,-0.3794,36.2288
-1.6889,0.0094,0.5561,-0.1088,36.2368
2.0467,0.0364,-0.1712,0.2039,36.231
-0.1757,0.1345,-0.412,-0.2991,36.2424
0.3602,-0.0026,-0.3528,0.0391,36.2282
1.987,0.1025,0.3453,0.0848,36.2393
0.038,0.072,-0.6398,-0.4831,36.2336
-0.0642,0.0051,0.1185,0.3558,36.2292
1.3971,0.1567,0.0599,0.069,36.2252
1.0487,0.0155,-0.9818,-0.5006,36.2312
-0.4365,0.0284,0.8402,0.4624,36.2326
1.6971,0.1643,-0.7926,-0.1469,36.2253
1.0171,-0.0469,-0.3453,-0.4603,36.2327
-0.8858,0.0384,0.527,0.5327,36.2234
2.2775,0.1619,-0.9318,-0.0433,36.2245
-0.2205,-0.0933,0.146,0.1693,36.2382
0.5404,0.0915,-0.0238,-0.2463,36.2237
1.3158,0.1445,-0.0812,-0.1687,36.2243
-1.558,-0.0952,-0.0286,0.7179,36.2217
3.0858,0.1105,-0.3582,-0.7728,36.2276
-0.0776,0.0938,0.3578,0.1029,36.2254
-2.2483,-0.0787,0.1554,0.3182,36.2112
4.5009,0.1694,-0.5925,-0.7144,36.2354
-1.3694,0.0393,0.192,0.3712,36.2305
-1.2432,-0.0524,0.4603,-0.243,36.2356
4.7662,0.1683,-0.8079,-0.2602,36.2349
-2.9645,-0.0199,0.1044,0.3575,36.2288
0.4613,-0.0114,0.8319,-0.4535,36.2274
4.0931,0.1853,-0.9901,-0.1958,36.2294
-3.4119,-0.0507,0.1019,0.1815,36.2303
2.1982,0.0223,0.5022,-0.0426,36.2144
2.7488,0.1556,-0.8725,-0.3165,36.2289
-3.1827,-0.0538,0.5343,0.102,36.2393
2.6876,0.0765,-0.021,0.2584,36.2255
2.0001,0.1506,-0.7709,-0.4393,36.23
-2.0756,-0.0608,0.6073,-0.1406,36.2306
2.1751,0.0867,-0.088,0.4269,36.2234
1.6818,0.0968,-0.7927,-0.3186,36.236
-1.3621,-0.0705,0.5631,0.0012,36.2174
2.168,0.1058,0.2008,0.268,36.2285
1.0387,0.0585,-0.9191,-0.3953,36.2295
-0.6134,-0.041,0.2941,0.1326,36.2264
1.9677,0.1102,0.3882,0.0713,36.2246
0.5336,0.0269,-0.9943,-0.4387,36.2265
0.1726,-0.0273,0.4311,0.3823,36.2204
1.7638,0.1218,0.3423,0.0371,36.2328
0.3065,-0.0164,-0.9942,-0.5106,36.2346
0.5865,0.0034,0.3352,0.4554,36.2217
1.4967,0.1033,0.2138,-0.3032,36.2292
0.4505,-0.03,-0.8223,-0.3579,36.2332
0.4564,0.0038,0.3376,0.4936,36.2314
1.4523,0.0842,0.2796,-0.2732,36.2286
0.6438,-0.0659,-0.7811,-0.3159,36.2332
0.2977,0.0257,0.2564,0.4082,36.2379
1.7934,0.0695,0.2537,-0.1478,36.2272
0.504,-0.0687,-0.6882,-0.3726,36.2216
0.2198,0.0311,0.2231,0.3924,36.2275
1.814,0.0392,0.2105,-0.1331,36.2284
0.7829,-0.0745,-0.9885,-0.2709,36.2328
-0.0003,0.0424,0.5964,0.3405,36.2291
1.8227,0.0186,0.1337,-0.1488,36.2257
1.1518,-0.0764,-1.007,-0.2957,36.23
-0.5737,0.0472,0.6172,0.2322,36.2292
2.1013,-0.0085,-0.0974,-0.0794,36.2263
1.7528,-0.0545,-0.7907,-0.2321,36.2193
-1.4941,0.0457,0.5022,0.2135,36.2209
2.4648,-0.039,-0.038,0.1194,36.2213
2.4554,-0.0648,-0.8751,-0.3804,36.2371
-2.2748,0.0587,0.4985,0.0956,36.2294
2.8346,-0.0769,0.1397,0.4224,36.2314
2.8973,-0.0713,-0.8531,-0.5785,36.2328
-2.0643,0.0399,0.0069,0.4139,36.2239
1.6765,-0.1275,0.5775,0.0471,36.2332
3.7705,-0.0595,-1.0473,-0.513,36.2277
-1.8694,0.0481,-0.0313,0.4666,36.2325
0.8141,-0.1645,0.4669,0.0366,36.2291
4.6959,-0.0683,-0.9791,-0.3874,36.2321
-1.308,0.0434,-0.1979,0.1212,36.2246
-0.2055,-0.1845,0.3206,0.0668,36.2462
4.6098,-0.0728,-0.4804,-0.2153,36.2173
-0.2967,0.0691,-0.5168,-0.1608,36.2314
-0.5485,-0.1909,0.3632,0.2674,36.2137
3.6313,-0.0811,-0.1328,-0.2497,36.2364
0.6536,0.0642,-0.3996,-0.4986,36.231
0.1618,-0.1963,-0.0895,0.5381,36.233
1.7868,-0.1121,0.2765,-0.166,36.2222
1.8903,0.0657,-0.5086,-0.1858,36.2314
0.3381,-0.1775,-0.0207,-0.1022,36.2345
-0.1594,-0.1204,0.3774,0.595,36.2177
2.1393,0.0469,-0.6022,-0.1601,36.2323
0.9812,-0.1159,-0.0809,-0.4107,36.2252
-0.5142,-0.1343,0.307,0.9033,36.228
1.6224,0.0289,-0.5423,-0.3696,36.2325
1.1216,-0.0733,0.0997,-0.1316,36.2332
-0.095,-0.1478,0.7365,0.237,36.2212
2.2267,0.0112,-1.1993,-0.2103,36.2285
0.8101,-0.0437,0.2172,0.0162,36.2332
-0.4919,-0.1559,0.392,0.4353,36.2372
2.74,-0.035,-0.5833,-0.5511,36.235
1.5738,-0.0405,-0.5772,-0.0469,36.2295
-1.7789,-0.1632,0.2974,0.7466,36.2336
3.6159,-0.0698,0.0847,-0.3167,36.2377
3.4478,-0.0106,-1.3836,-0.4826,36.2317
-1.7761,-0.1507,-0.1322,0.7394,36.2242
0.5902,-0.1355,1.2427,0.1151,36.2281
5.8597,0.0079,-1.6069,-0.5608,36.2256
-0.5578,-0.1244,-0.6407,-0.0432,36.2209
-1.3219,-0.1451,0.5136,0.773,36.2271
5.0125,0.0079,-0.0835,-0.6431,36.23
0.6166,-0.0584,-0.6833,-0.5815,36.2394
0.384,-0.1294,-0.2051,0.2671,36.2372
0.8104,-0.0247,0.5528,0.4017,36.2227
1.0525,-0.0006,-0.4439,-0.226,36.226
1.7255,-0.0459,-0.1087,-0.2597,36.235
-0.7859,-0.0332,0.497,0.4716,36.2232
2.2721,0.0078,-0.8867,-0.1645,36.2269
0.9928,0.0334,0.194,-0.0392,36.2225
-1.0346,-0.0452,0.5336,0.3673,36.2187
3.2545,-0.0587,-1.0481,-0.5994,36.226
2.6137,0.0581,-0.7001,-0.1652,36.231
-2.2015,-0.0505,0.1181,1.007,36.2163
3.3141,-0.1044,0.2122,-0.5437,36.2379
4.9895,0.0327,-1.2869,-0.472,36.2308
-0.8074,-0.0457,-0.6745,0.3139,36.2245
-0.8032,-0.1307,0.474,0.7348,36.2242
5.1224,0.0257,0.0371,-0.6077,36.2304
0.6584,0.002,-1.056,-0.4091,36.226
0.1432,-0.0768,0.2493,0.0063,36.2271
1.3301,0.0172,0.2704,0.7101,36.2315
0.5609,0.0467,-0.3698,-0.3238,36.2317
1.4943,0.0017,-0.0395,0.0831,36.2292
-0.2303,0.0177,0.523,0.082,36.2311
2.4149,0.0141,-1.2131,-0.14,36.2241
2.3138,0.0748,0.1363,0.0572,36.2265
-2.2794,-0.0061,0.2955,0.6953,36.2225
4.1734,-0.0774,-0.7482,-0.4713,36.2325
4.8476,0.046,-1.0355,-0.4564,36.224
-0.6876,-0.0032,-0.4676,0.4258,36.2227
0.077,-0.0907,0.4156,0.6319,36.2203
4.4081,0.0239,-0.0195,-0.6006,36.2307
1.1561,0.0182,-1.0346,-0.406,36.2278
0.3327,-0.0176,0.3763,-0.2714,36.2269
0.5977,0.0225,0.3518,0.9743,36.2188
0.7849,0.0548,-0.3719,-0.1512,36.2387
1.7502,0.0741,-0.1392,-0.2756,36.2292
-0.1353,0.027,0.4565,0.3087,36.2227
2.6651,-0.042,-1.2244,-0.2956,36.2317
4.1526,0.101,-0.5505,-0.0065,36.2137
-1.585,0.0283,-0.1976,0.929,36.2185
2.096,-0.1058,0.0604,-0.5669,36.2316
5.3195,0.042,-0.4263,-0.2443,36.2277
0.2717,0.0292,-0.9349,-0.2817,36.2346
0.53,-0.0224,0.4468,0.3498,36.2195
1.1384,0.0183,0.5574,0.5792,36.2139
0.514,0.0465,-0.6034,-0.5077,36.2317
1.8502,0.078,0.1166,-0.0244,36.2257
0.2457,0.0553,0.3645,0.1934,36.2252
2.2664,-0.0298,-0.8128,-0.0516,36.223
4.3287,0.0998,-0.6748,-0.0714,36.2238
-1.3704,0.0523,-0.351,0.7927,36.2162
2.5268,-0.1032,-0.0186,-0.4375,36.2374
4.6959,0.0455,-0.2902,-0.1822,36.2363
0.8053,0.0419,-0.9391,-0.238,36.2218
0.6235,-0.0158,0.4994,0.1944,36.2172
0.7399,0.0351,0.3843,0.6724,36.2229
0.2639,0.0473,-0.4635,-0.313,36.2342
2.8212,0.1128,-0.1868,-0.1683,36.2232
-0.4214,0.0747,0.5475,0.2704,36.2238
2.7897,-0.0674,-1.2344,-0.1641,36.2267
5.2823,0.0827,-0.6912,-0.1449,36.2231
0.3905,0.0874,-0.5251,0.1775,36.2266
0.6614,-0.0853,-0.2377,0.2556,36.2211
2.8294,0.0251,0.9624,-0.0822,36.2262
0.6776,0.0592,-0.8814,-0.4019,36.2409
0.956,0.0919,0.1943,0.3048,36.2187
0.9034,0.037,0.3949,0.4055,36.2231
1.4657,0.008,-0.7755,-0.0415,36.2241
4.4532,0.1352,-0.5082,-0.1799,36.2312
-0.8756,0.0755,-0.5,0.7222,36.2162
3.304,-0.1306,-0.2662,-0.5409,36.2343
3.7716,0.0217,0.2098,0.0508,36.2251
1.2148,0.0909,-1.0439,-0.1859,36.23
0.1861,0.0383,0.6329,0.0784,36.2255
0.6536,0.0311,0.4818,0.7213,36.2261
0.9634,0.0332,-0.7388,-0.131,36.2267
3.8287,0.1443,-0.3025,-0.354,36.2211
-0.335,0.1037,-0.391,0.7383,36.2251
3.5577,-0.1275,-0.7458,-0.2149,36.2292
4.7264,0.0484,-0.0093,-0.3563,36.2249
0.6565,0.1329,-0.7622,-0.2178,36.2227
0.3949,-0.0138,0.4124,0.1374,36.2345
0.9063,-0.0418,0.7407,0.7037,36.225
0.479,0.0428,-0.8182,-0.1727,36.2347
3.7436,0.1846,-0.2404,-0.2555,36.2172
0.09,0.0985,-0.2499,0.5429,36.2147
3.5197,-0.146,-0.8378,-0.2373,36.2291
4.6426,0.0512,0.1864,-0.1493,36.2153
0.7546,0.1711,-0.881,-0.1225,36.2313
0.0936,-0.0186,0.5487,0.2882,36.223
1.147,-0.0779,0.6382,0.5534,36.2163
0.5761,0.0392,-0.8325,-0.3447,36.2326
4.3909,0.2105,-0.4082,-0.1374,36.2283
-0.0807,0.0522,-0.4237,0.7072,36.2175
3.9361,-0.2008,-0.6836,-0.4868,36.2189
3.1364,0.0609,0.6576,-0.0223,36.2209
1.0613,0.1809,-1.0509,-0.1372,36.2286
-0.207,-0.0058,0.9487,-0.014,36.2125
1.5545,-0.1211,0.1488,0.6928,36.2163
1.1657,0.0018,-0.7689,-0.28,36.229
5.9063,0.2334,-0.8372,-0.2473,36.2193
-0.1699,0.0092,-0.4406,0.3784,36.227
3.1312,-0.2654,-0.3509,-0.3133,36.2223
1.1348,0.0226,1.3093,0.3983,36.2255
0.823,0.188,-0.867,-0.75,36.2252
1.007,0.0578,0.2841,0.6246,36.2207
1.3234,-0.162,0.1831,0.2263,36.2242
3.3001,-0.1067,-1.318,-0.2323,36.228
6.0667,0.1887,-0.5304,-0.1531,36.2192
0.013,0.0621,-0.3414,-0.1327,36.2281
1.1948,-0.2544,0.0295,0.2872,36.2118
0.815,-0.1261,1.0565,0.8944,36.2158
0.8002,0.1128,-1.1933,-0.2551,36.2267
4.9091,0.1802,-0.3469,-0.1037,36.2191
-0.4812,-0.1393,-0.4923,0.4571,36.2273
4.6914,-0.3319,-1.0354,-0.598,36.2326
1.7216,0.0814,1.2427,0.2386,36.2214
0.7896,0.1336,-0.6721,-0.4559,36.2252
0.437,-0.092,0.5809,0.2156,36.2205
1.6205,-0.2489,0.2663,0.477,36.2247
3.0768,-0.1287,-1.5797,-0.432,36.2228
6.4674,0.181,-0.4161,-0.0831,36.2232
0.101,0.0075,-0.4767,-0.0176,36.2239
0.5436,-0.3865,0.1491,0.2591,36.2263
1.227,-0.1805,0.9605,1.0034,36.2187
0.7549,0.0846,-1.3349,-0.2762,36.2313
6.4758,0.116,-0.6072,-0.3188,36.2295
0.1217,-0.2162,-0.5724,0.3531,36.2231
2.7539,-0.475,-0.4556,-0.6059,36.2231
1.0803,-0.0176,1.694,0.854,36.2209
0.2776,0.1761,-0.9598,-0.6684,36.2292
3.4943,-0.1308,-0.2837,0.5139,36.2242
1.2685,-0.392,-0.4731,0.5402,36.2245
3.8432,-0.3061,-1.4442,-0.4961,36.2331
3.8781,0.0362,0.9588,0.0986,36.2241
0.1399,0.0758,-0.8227,-0.0646,36.2227
0.1167,-0.4225,0.5145,0.1859,36.2182
1.8667,-0.3653,0.427,0.5959,36.2241
2.5616,-0.0912,-1.7595,-0.4927,36.2295
7.2795,0.0085,-0.2982,-0.1631,36.2283
0.0962,-0.0699,-0.537,-0.0555,36.2095
-0.0945,-0.6123,0.2016,0.2122,36.2225
1.3825,-0.2584,0.8766,0.9719,36.2195
1.0585,0.0681,-1.6891,-0.4638,36.2183
7.5698,-0.0582,-0.7005,-0.3622,36.2202
0.0854,-0.2971,-0.4032,0.0012,36.2228
2.0427,-0.5994,-0.3649,-0.1428,36.2238
0.2482,-0.1863,1.8468,1.1543,36.2227
1.0304,0.1314,-1.9446,-0.5871,36.2208
6.7183,-0.1621,-0.7433,-0.0986,36.2242
1.0537,-0.4467,-0.7367,-0.0419,36.2166
2.5102,-0.4926,-0.5553,-0.4941,36.214
-0.0761,-0.1185,2.1554,1.157,36.2199
1.0472,0.1485,-1.9359,-0.3271,36.2268
5.2875,-0.2493,-0.4952,0.1007,36.2195
1.33,-0.5137,-0.8838,0.106,36.2372
3.3443,-0.3563,-0.9861,-0.6249,36.222
0.8247,-0.0945,2.0841,0.9751,36.2146
0.5064,0.1076,-1.4232,-0.4457,36.2219
4.2072,-0.2926,-0.307,0.2641,36.2198
1.8424,-0.4879,-0.862,0.2213,36.2198
3.713,-0.2755,-1.4685,-0.415,36.2268
1.4347,-0.0721,1.742,0.6282,36.2234
0.336,0.0436,-1.2391,-0.2477,36.2267
3.6723,-0.301,-0.4376,0.1376,36.2235
2.2683,-0.4524,-0.6777,0.2756,36.2243
3.6231,-0.1955,-1.4452,-0.5536,36.2167
1.6241,-0.0389,1.7523,0.5414,36.2234
0.1752,-0.0151,-1.0226,-0.0752,36.2245
3.8766,-0.3158,-0.5884,0.0622,36.2234
2.3646,-0.42,-0.7421,0.3655,36.2199
3.5324,-0.1814,-1.5759,-0.6221,36.224
1.4804,-0.0208,1.5862,0.687,36.225
0.0307,-0.0304,-0.9436,-0.244,36.2175
4.4331,-0.2867,-1.0691,0.1833,36.22
2.4082,-0.403,-0.6575,0.3796,36.2196
3.4801,-0.1423,-1.5082,-0.8039,36.2175
0.7446,-0.0054,1.9996,1.0248,36.2153
0.6104,-0.0216,-1.217,-0.2415,36.2203
5.2433,-0.2478,-1.0662,-0.0374,36.2089
2.9034,-0.3981,-0.6952,0.1448,36.2225
2.45,-0.1671,-1.2363,-0.7187,36.2191
0.0688,-0.0056,2.0962,1.4437,36.2131
1.1881,-0.0016,-1.9824,-0.5006,36.2195
6.2489,-0.177,-1.1236,0.0024,36.2134
2.6975,-0.3813,-0.7922,-0.1515,36.2172
1.2763,-0.1782,-0.5545,-0.4941,36.2322
0.2516,-0.0185,2.0045,1.512,36.208
1.0026,0.036,-2.4066,-0.4061,36.2189
7.7704,-0.1068,-1.1927,-0.3723,36.2169
1.7703,-0.3607,-0.1778,-0.2155,36.2227
0.1669,-0.2206,-0.6448,0.0175,36.2267
0.8885,-0.0709,1.6496,1.6877,36.2079
2.1753,0.0835,-2.5562,-0.5458,36.2207
8.1263,-0.023,-0.5668,-0.6623,36.2185
0.651,-0.3102,-0.1627,0.3291,36.2209
-0.9164,-0.2082,-0.7652,-0.1052,36.2197
2.2202,-0.1381,1.3026,1.4255,36.2268
3.97,0.0593,-3.3831,-0.8133,36.2347
5.4274,0.0381,0.8402,-0.2401,36.2269
-0.3366,-0.2228,-0.0111,0.0375,36.2162
1.1206,-0.1877,-1.3196,0.1002,36.2202
4.6645,-0.2278,0.0519,1.1113,36.2155
3.0018,0.0102,-2.3231,-1.0751,36.2114
1.5466,0.0962,1.8864,0.6697,36.2115
0.7229,-0.0838,-0.8521,0.0629,36.2097
4.9815,-0.1108,-1.963,-0.1584,36.218
3.6505,-0.2998,-0.4088,0.2622,36.2052
1.4457,-0.0712,-0.9783,-0.8031,36.2093
0.3123,0.0591,2.0118,1.4501,36.2091
1.696,0.016,-2.2553,-0.1917,36.2217
7.5998,0.0101,-1.6095,-0.6698,36.2224
1.8711,-0.3034,0.1072,-0.0032,36.2172
-1.0113,-0.1233,-0.6843,-0.1385,36.2215
2.1361,-0.029,1.154,1.4302,36.2102
4.2784,0.0469,-3.4612,-0.7201,36.2232
4.8277,0.1226,0.7901,-0.2529,36.222
0.0743,-0.203,0.2254,0.2488,36.2166
2.0941,-0.1397,-1.9038,-0.0815,36.2222
4.1819,-0.1979,-0.0369,0.9945,36.2154
3.2049,-0.0163,-1.8957,-1.0883,36.2155
0.2432,0.1423,2.1548,1.1069,36.2169
1.803,-0.0381,-1.5204,0.0444,36.2252
6.885,-0.0575,-2.2808,-0.6055,36.2228
2.4232,-0.2884,0.1451,0.0767,36.2142
-0.7852,-0.1125,-0.6955,-0.0592,36.2176
1.9004,0.0487,1.4557,1.4995,36.2107
4.266,0.0132,-3.2393,-0.643,36.2148
5.0987,0.0995,0.2037,-0.3645,36.2207
-0.0694,-0.1976,0.7298,0.0762,36.2255
2.4267,-0.1216,-2.2544,0.0067,36.2076
4.8396,-0.1089,-0.0088,0.6999,36.2233
2.4264,-0.058,-1.6615,-0.8492,36.224
-0.1763,0.1615,2.0058,1.3359,36.2097
2.6295,-0.0436,-1.7113,0.0389,36.2207
7.4734,-0.0169,-2.1057,-0.6917,36.2243
1.7294,-0.2203,0.3739,0.4047,36.2144
-1.6865,-0.1256,-0.5209,-0.1096,36.2173
4.5388,0.0604,0.1092,1.4794,36.2205
4.6824,-0.0058,-2.6427,-0.9394,36.2181
1.1946,0.1685,1.2894,-0.1465,36.2111
1.3235,-0.1118,-0.1706,0.6391,36.2272
5.8089,-0.0753,-2.773,-0.887,36.2235
3.0739,-0.1712,0.116,0.4374,36.217
0.1345,-0.1013,-0.852,-0.1845,36.2224
0.5442,0.1693,1.4245,1.4603,36.2042
5.0227,-0.0106,-3.0217,-0.4532,36.2245
5.5055,0.0699,-0.2129,-0.9529,36.209
-0.2315,-0.1648,0.8488,0.6684,36.2076
2.9176,-0.0989,-2.5896,-0.3142,36.2223
5.4673,-0.0638,-0.4394,0.5475,36.2217
1.5418,-0.0642,-0.9043,-0.5361,36.222
-0.8019,0.2081,1.833,1.2504,36.2119
3.8716,-0.0278,-2.5011,0.1042,36.2157
7.3916,0.0202,-1.1065,-1.0054,36.2155
0.0454,-0.1847,1.1776,0.0237,36.2253
0.7867,-0.0865,-2.1195,0.5429,36.2223
5.6864,0.0043,-0.2959,0.6227,36.2137
2.7297,-0.0746,-1.2198,-1.0513,36.2293
-0.5116,0.2058,1.4331,1.0499,36.2073
3.3086,-0.0604,-1.8197,0.5126,36.2265
7.732,0.0478,-1.85,-0.968,36.2178
0.0425,-0.1915,1.0994,0.1134,36.2177
0.9188,-0.0937,-1.9725,0.1865,36.2209
5.2187,0.0353,-0.3774,1.1826,36.2133
3.1093,-0.0867,-1.3715,-1.0186,36.2194
-0.3927,0.206,1.4562,0.86,36.2224
3.5343,-0.0488,-1.7649,0.596,36.2162
7.4308,0.0465,-1.997,-1.156,36.2231
-0.1691,-0.1841,1.4663,0.1456,36.2159
1.5245,-0.0717,-2.1696,0.0136,36.2169
5.653,0.0515,-0.4905,1.117,36.2162
2.2937,-0.0792,-1.1174,-1.1192,36.2258
-0.6975,0.206,1.6488,1.1284,36.217
4.5038,-0.0579,-2.2647,0.4048,36.2178
6.6192,0.0685,-1.3815,-1.0453,36.2243
-0.2998,-0.1576,1.4635,0.1154,36.2134
2.9291,-0.0804,-2.6588,-0.1104,36.2189
5.7241,0.048,-0.6681,0.7349,36.2088
0.8923,-0.1105,-0.521,-0.4454,36.2164
-0.691,0.2269,1.6539,0.9536,36.2144
5.9663,-0.036,-3.2189,0.0151,36.2056
4.2726,0.0783,0.1897,-0.986,36.2202
0.414,-0.1367,1.0252,0.6339,36.2192
5.5608,-0.0275,-3.4782,-0.428,36.2234
3.4686,-0.0402,0.0832,0.3761,36.2228
-0.1061,-0.0886,-0.3365,0.1621,36.2186
2.3952,0.1965,0.0319,1.3145,36.2242
6.673,-0.0376,-2.8232,-0.5972,36.2308
-0.1317,0.1342,1.5165,-0.2155,36.2149
2.6407,-0.1031,0.0553,0.4308,36.2166
7.3112,0.0132,-3.4965,-0.925,36.2286
1.6126,-0.1037,0.6827,0.7101,36.2175
0.0428,-0.0842,-0.6156,0.0169,36.2184
5.5646,0.1706,-0.7936,0.9903,36.214
3.3641,-0.0645,-1.224,-1.338,36.2369
-0.9102,0.1987,1.3009,1.273,36.2094
5.101,-0.0703,-1.9954,0.2628,36.2168
5.976,0.0872,-1.3099,-1.1472,36.2202
-0.8813,-0.141,1.5625,0.2769,36.2234
5.5939,-0.0156,-3.144,-0.1997,36.2156
3.7527,0.0537,-0.2881,0.4812,36.2102
-0.3676,-0.0866,0.1908,0.2981,36.2198
3.4768,0.2317,-0.2758,1.1974,36.2097
6.2241,-0.0877,-2.492,-0.8452,36.2238
-1.0279,0.1542,1.7527,0.1514,36.2169
3.4739,-0.0992,-0.4,0.2772,36.2177
8.041,0.0784,-3.1133,-0.8378,36.2223
-0.7539,-0.0838,1.3875,0.5223,36.2182
2.7631,-0.0191,-1.4925,0.0209,36.2153
6.7335,0.1524,-1.3293,0.5719,36.2089
-0.0832,-0.1059,-0.0572,-0.0204,36.201
-0.3067,0.2445,0.9554,0.5431,36.2262
9.0447,-0.0493,-3.8743,0.0004,36.218
-0.3853,0.1408,1.8084,-0.3626,36.2126
2.503,-0.0921,0.2134,0.3779,36.2083
8.0075,0.0671,-3.5827,-0.9578,36.2261
0.086,-0.0212,0.92,1.0373,36.2192
1.8992,-0.0434,-0.8174,0.137,36.2191
7.1407,0.2064,-1.3304,0.483,36.2114
0.3192,-0.1036,-0.2589,-0.1901,36.2195
-0.6594,0.2507,1.0716,0.7961,36.2168
9.3421,-0.051,-3.6875,-0.1072,36.2237
-0.3733,0.1363,1.773,-0.4481,36.2221
1.9339,-0.0666,0.3318,0.5514,36.2154
8.9585,0.0601,-3.7943,-1.0683,36.2184
-0.8883,0.003,1.3259,0.8635,36.2115
2.9367,-0.0425,-1.3085,0.1029,36.2182
6.6271,0.218,-1.1709,0.4194,36.2237
-0.5134,-0.1095,0.2715,0.3131,36.2098
1.931,0.2395,-0.3424,0.5475,36.2137
8.2001,-0.0333,-2.7059,-0.7403,36.2172
-2.0862,0.1357,2.1798,0.3361,36.2129
4.4555,-0.0606,-1.1915,0.3506,36.2092
7.8414,0.0846,-2.3868,-0.8895,36.215
-1.8523,-0.0014,1.4912,0.355,36.2151
6.5254,0.021,-2.7735,0.2016,36.2169
3.8104,0.1598,-0.1655,0.0445,36.2129
-1.5517,-0.0773,0.2216,0.6196,36.2085
6.1155,0.2268,-1.5118,1.0473,36.2196
4.6624,-0.0491,-0.6962,-1.7164,36.2208
-2.2248,0.1891,1.4019,1.5196,36.2065
8.2026,-0.0463,-2.9391,0.3579,36.2167
2.1117,0.1423,0.3156,-1.091,36.222
0.8475,-0.0368,0.6552,0.7231,36.2223
9.0345,0.0755,-3.5518,-0.7897,36.2169
-0.5544,0.0728,1.2009,0.8804,36.2156
3.1045,-0.0149,-0.9228,0.3002,36.2046
6.1678,0.21,-1.5013,0.1988,36.2091
-0.6858,-0.0845,0.5937,0.0818,36.2101
4.4665,0.2269,-1.0057,1.4413,36.2274
6.4464,-0.0514,-1.6875,-1.8973,36.2229
-2.8686,0.1973,1.9103,1.1327,36.2061
6.9831,-0.0225,-2.4931,0.529,36.219
4.0682,0.1817,-0.3494,-1.3888,36.2132
-0.058,0.0121,1.1869,0.8818,36.213
9.0533,0.081,-3.5092,-0.9056,36.2168
-0.4784,0.1106,1.1001,0.7427,36.2148
3.492,-0.0188,-0.8313,0.4365,36.2166
5.9546,0.2188,-1.4916,0.0721,36.2144
-1.0695,-0.0835,0.701,0.3592,36.2156
5.1959,0.2008,-1.4656,1.3129,36.2029
5.7339,-0.0435,-1.069,-2.0518,36.2211
-2.9858,0.1999,1.8758,1.1862,36.2109
9.1241,0.0015,-3.3699,0.3972,36.2151
1.1327,0.1944,0.9569,-0.9758,36.215
1.4706,0.0206,0.3195,0.6115,36.2211
9.6488,0.1269,-3.1744,-0.7377,36.2021
-2.2399,0.0781,1.4529,0.5892,36.2078
7.0456,0.0091,-2.4928,0.2693,36.2161
3.8178,0.1336,-0.4847,0.1158,36.2167
-1.0031,-0.0696,0.6674,0.3389,36.2249
8.6311,0.2044,-1.9062,0.2333,36.2158
0.266,-0.0678,0.2826,-0.3598,36.214
1.225,0.2242,-0.3401,1.0313,36.2195
8.737,-0.0282,-2.4978,-0.9868,36.2126
-2.9196,0.2203,2.5149,0.6715,36.2131
7.1081,-0.0302,-2.7188,0.4656,36.2175
3.5353,0.2009,-0.0122,-0.6817,36.2158
0.3176,0.0108,0.8146,0.6228,36.2151
9.6881,0.1052,-3.3629,-0.7896,36.2084
-1.7389,0.0705,1.6462,0.7108,36.2106
6.9011,0.0284,-2.5181,0.3104,36.2158
3.4829,0.1205,-0.4724,0.2607,36.2141
-0.3569,-0.0594,0.9088,0.2129,36.2098
8.4491,0.2148,-2.0554,0.151,36.2085
-0.4174,-0.0699,0.5752,0.0032,36.2107
3.7224,0.2507,-0.7048,1.0961,36.2044
6.162,-0.0418,-1.3315,-1.4008,36.2167
-2.7103,0.2382,2.0866,0.8512,36.2191
9.2773,-0.0736,-3.7424,0.1124,36.2097
-0.018,0.2241,1.7917,-0.1452,36.2113
3.4452,-0.0377,-0.7465,0.225,36.2083
7.9463,0.1586,-1.7926,-0.7481,36.2181
-1.6343,0.0033,1.5519,0.9795,36.2038
9.082,0.068,-3.1942,-0.7522,36.226
-0.8353,0.0964,1.1541,0.9742,36.2183
5.9374,-0.0126,-1.779,0.2284,36.2077
4.3063,0.1441,-1.009,-0.103,36.2144
-0.8627,-0.0616,1.0005,0.3536,36.2054
9.2053,0.229,-2.2778,-0.0493,36.2182
-0.8884,-0.0829,0.8487,0.4813,36.2101
4.2161,0.2767,-1.0814,0.7832,36.1974
5.9782,-0.0982,-0.9692,-1.4826,36.2144
-2.845,0.2749,2.3049,1.3421,36.2126
10.7422,-0.0959,-4.0777,-0.3315,36.2109
-1.9872,0.2471,2.4384,0.5233,36.2083
6.8258,-0.0625,-2.571,0.4378,36.2113
3.6741,0.1792,0.1799,-0.9191,36.2242
0.5062,-0.0151,0.7801,0.6245,36.2037
9.8996,0.1244,-2.7941,-0.8092,36.2074
-3.0422,0.0547,2.0121,0.9508,36.2222
9.4613,0.0259,-3.209,-0.5322,36.2097
-0.1366,0.1075,1.0776,1.0304,36.2115
4.9213,-0.0405,-0.9604,0.1955,36.2269
5.0684,0.189,-1.3475,-0.5267,36.2141
-0.9997,-0.1034,1.0688,0.7318,36.2079
9.7456,0.2813,-2.3194,-0.2474,36.2143
-2.0839,-0.1261,1.3248,0.6317,36.2061
5.9693,0.2868,-1.728,0.382,36.2193
4.5438,-0.11,-0.393,-1.0953,36.2239
-0.5472,0.2738,0.7847,1.3564,36.2117
10.1794,-0.1021,-3.0126,-1.1581,36.2162
-4.2459,0.2657,3.1192,1.2883,36.209
10.6582,-0.1024,-3.7885,-0.3405,36.216
-1.6467,0.2306,2.1261,0.2822,36.2121
6.5218,-0.052,-2.6024,0.4918,36.2116
4.1263,0.1652,0.4723,-0.8988,36.2115
0.4947,0.0137,0.6665,0.7616,36.2119
9.8904,0.1053,-2.7528,-0.9807,36.213
-2.9867,0.0318,2.0475,1.2626,36.2039
10.4998,0.0316,-3.0798,-0.6084,36.2096
-2.4426,0.1055,1.7538,0.7819,36.1975
8.7308,-0.0215,-2.8575,0.0137,36.2175
1.3145,0.1825,0.3539,0.5689,36.1936
3.7654,-0.0973,-0.0719,0.3341,36.2097
5.763,0.2485,-1.6289,-0.833,36.2116
-1.3611,-0.1234,1.3054,0.7458,36.2058
9.7856,0.284,-2.1712,-0.0907,36.214
-2.6628,-0.1613,1.8367,0.7851,36.2082
9.7252,0.3126,-2.5931,-0.0322,36.2104
0.1109,-0.1915,0.5599,0.1995,36.2117
4.2205,0.3003,-0.6538,1.139,36.2094
5.6456,-0.1736,-0.9146,-1.5511,36.2166
-1.3436,0.3001,1.2263,1.109,36.2216
10.4117,-0.1594,-2.6108,-1.0761,36.2097
-4.6185,0.2899,3.2382,1.5246,36.2083
12.5485,-0.1375,-4.3458,-1.0524,36.222
-4.1628,0.2405,2.9374,1.0426,36.2066
10.1233,-0.133,-3.8141,0.0501,36.2088
-0.8434,0.2554,2.1291,-0.1392,36.2162
7.0054,-0.0761,-2.7719,0.7405,36.2164
3.1879,0.1699,0.7445,-0.6734,36.2151
1.3826,-0.0162,0.2513,0.4837,36.2075
8.6981,0.1427,-1.8426,-0.6944,36.212
-2.5648,0.0318,2.0497,1.0527,36.2072
11.2008,0.0772,-3.2653,-1.0349,36.2147
-3.5011,0.0583,2.3543,1.4606,36.2039
11.2939,-0.0022,-3.5425,-0.8943,36.2127
-3.3475,0.1256,1.9755,1.2788,36.2098
10.4798,-0.0599,-2.957,-0.6783,36.2089
-1.4817,0.1959,1.5472,1.1157,36.2153
8.3337,-0.0959,-1.9082,-0.2948,36.2137
1.3889,0.2309,-0.0243,0.403,36.2004
4.8042,-0.1616,-0.1416,0.4605,36.2133
4.8954,0.2662,-1.183,-0.7645,36.2198
0.7358,-0.2003,1.0512,0.8947,36.2101
7.8369,0.2983,-2.2594,-1.0416,36.2115
-1.9058,-0.2277,1.7447,1.0228,36.2136
9.8887,0.3098,-2.8405,-0.3081,36.2131
-2.7574,-0.2504,1.9723,0.8809,36.2124
11.7,0.362,-3.0923,-0.7694,36.2086
-3.4616,-0.2813,1.972,1.2798,36.2033
10.9742,0.3788,-2.783,-0.6644,36.2022
-2.0715,-0.2619,1.3882,1.0611,36.2086
7.6547,0.3599,-1.9237,-0.0765,36.2252
1.4998,-0.305,0.122,0.0913,36.2133
4.6732,0.3644,-0.8267,0.8694,36.2095
4.5632,-0.2691,-0.5855,-0.8168,36.2198
3.0531,0.3719,-0.0516,1.6405,36.2032
5.7524,-0.2994,-1.4196,-1.5739,36.2173
1.3135,0.3795,0.751,1.8933,36.2026
7.2202,-0.2819,-1.7783,-1.7407,36.2039
-1.3124,0.3614,1.7589,1.8344,36.2
9.2661,-0.2888,-2.673,-1.6165,36.2107
-4.1609,0.3627,2.6871,1.6767,36.2005
12.7523,-0.2716,-3.7549,-1.4386,36.2151
-5.7537,0.3311,3.403,2.0318,36.2008
14.4541,-0.2753,-4.4198,-1.7971,36.2109
-6.7547,0.311,3.6852,1.9425,36.2089
15.089,-0.2418,-4.8115,-1.4053,36.2173
-6.8933,0.306,3.763,1.8962,36.2061
15.1414,-0.2463,-4.4231,-1.2978,36.2223
-6.9618,0.2538,3.6902,1.5975,36.2018
14.6768,-0.249,-4.8943,-1.1203,36.2032
-6.3183,0.2782,3.4689,1.488,36.1903
13.7862,-0.2278,-4.3613,-0.7997,36.2213
-5.6064,0.2242,3.7519,1.02,36.2034
13.0063,-0.2457,-4.6153,-0.4314,36.1983
-4.8453,0.2328,3.3437,0.7403,36.2065
12.4479,-0.2103,-4.3194,-0.3692,36.2075
-4.1843,0.2044,3.2632,0.4748,36.2011
11.9103,-0.2334,-4.2675,0.1839,36.214
-3.7616,0.1777,3.2152,0.2995,36.2174
11.5995,-0.2099,-4.1494,0.0158,36.2118
-3.362,0.1679,3.1533,0.422,36.2066
11.4859,-0.2238,-4.0487,0.0442,36.2166
-3.3992,0.1562,3.307,0.5442,36.2043
11.3795,-0.1913,-4.1075,0.0358,36.2092
-3.2542,0.1566,3.2184,0.452,36.208
11.502,-0.2231,-4.0626,-0.1803,36.2057
-3.4765,0.131,3.422,0.5832,36.1989
11.7121,-0.2138,-4.3592,-0.0171,36.209
-3.9251,0.1223,3.5211,0.585,36.2007
12.1445,-0.237,-4.4133,-0.188,36.2022
-4.243,0.1227,3.5095,0.6896,36.2102
12.7585,-0.2468,-4.3962,-0.4447,36.218
-4.9342,0.1015,3.6714,0.9105,36.2083
