48.369927,0.268771,-13.240556,-6.824814,27.173023
4.8726,0.1148,-0.8673,-0.2656,27.1436
-4.4014,-0.0614,2.175,0.0526,27.1246
4.4916,0.1445,-1.4873,0.8166,27.1281
6.8051,-0.001,-1.3885,-1.1706,27.1268
-4.7065,0.0448,2.6316,0.5536,27.1375
4.0306,0.0139,-1.9986,0.8376,27.131
7.1848,0.0426,-1.2574,-0.7293,27.1218
-4.7493,-0.0197,2.5193,0.3329,27.1318
5.927,0.0314,-2.6352,0.3453,27.1628
3.9779,0.0839,-0.5736,-0.1707,27.1257
-5.0091,-0.0611,2.4024,0.1856,27.1365
5.4408,0.141,-1.9187,0.3834,27.1524
6.118,-0.032,-1.0851,-1.0989,27.1402
-4.7721,0.0577,2.5938,0.657,27.1318
5.1345,0.0079,-2.5883,0.4913,27.1265
5.7167,0.0452,-0.6842,-0.4793,27.1331
-4.146,-0.0133,2.3245,0.2535,27.1194
6.9622,0.0437,-2.6992,0.2409,27.1409
2.9104,0.0742,-0.4807,0.0678,27.1411
-5.0426,-0.0513,2.1433,0.2314,27.1278
6.5507,0.1531,-1.8091,0.2743,27.1353
5.4534,-0.0386,-0.8599,-0.9147,27.1331
-5.0071,0.0642,2.5152,0.7363,27.133
6.4728,0.0187,-2.7731,0.1696,27.1583
4.0982,0.0296,-0.2561,-0.3747,27.1427
-3.8878,-0.0151,2.2589,0.6942,27.1497
8.1916,0.0363,-3.1888,-0.1926,27.1383
1.6014,0.0701,0.3369,0.3854,27.1568
-4.5105,-0.0347,1.7478,0.2684,27.1441
7.7802,0.1489,-2.0317,0.1675,27.1375
3.7688,-0.0436,-0.2648,-0.4786,27.1294
-4.3721,0.0599,1.9253,0.6619,27.124
7.204,0.0089,-2.8646,-0.0587,27.1388
2.9084,0.0424,0.337,-0.3943,27.1314
-3.3941,-0.0158,1.7407,0.8473,27.1259
9.0862,0.0465,-3.0827,-0.2637,27.1378
0.3038,0.0507,0.5411,0.1194,27.1287
-3.8002,-0.0219,1.3988,0.5614,27.1397
8.4953,0.1586,-2.1909,-0.2311,27.1463
2.2235,-0.0527,0.1884,-0.307,27.1353
-3.6283,0.0927,1.6136,0.9901,27.1419
8.0731,0.0076,-3.1307,-0.5045,27.1574
1.516,0.0446,1.1488,-0.3746,27.1418
-2.6525,0.0039,1.2509,0.9606,27.1424
9.247,0.043,-2.8418,-0.4891,27.1279
-0.0592,0.0436,0.9097,0.2977,27.122
-2.836,-0.0244,0.5986,0.7059,27.1404
8.5981,0.1543,-1.9191,-0.3266,27.1378
0.9604,-0.0679,0.6208,-0.138,27.1359
-3.4281,0.0918,1.1294,0.9835,27.1312
9.2152,0.0048,-2.9855,-0.7064,27.1409
-0.1175,0.0505,1.4056,-0.3442,27.1397
-1.7289,0.0111,0.9789,1.0885,27.1433
9.7504,0.0479,-2.9024,-1.0603,27.1444
-1.1159,0.0261,1.296,0.4307,27.14
-1.1077,-0.0277,0.1178,0.846,27.1257
7.819,0.1442,-1.9473,-0.7116,27.1258
0.0166,-0.0614,1.1196,0.1565,27.1216
-2.1691,0.0892,0.5026,0.9222,27.1095
9.3261,-0.0126,-2.8846,-0.9186,27.1342
-1.0735,0.0288,2.0125,0.0807,27.1407
-1.2321,-0.0064,0.343,1.1471,27.1505
10.3023,0.042,-2.6468,-0.9342,27.143
-2.2047,0.0187,1.5623,0.1964,27.1297
0.2813,-0.0067,-0.3074,1.1481,27.1446
7.3046,0.1425,-1.5992,-0.6172,27.1411
-1.0399,-0.071,1.428,0.0793,27.1323
-0.2866,0.1046,-0.2866,0.9313,27.1323
8.9934,-0.006,-2.6137,-1.1061,27.1549
-2.1924,0.0383,2.3105,0.1686,27.1325
0.054,-0.0197,-0.2103,0.9805,27.1321
10.0671,0.0333,-2.5468,-1.0711,27.1551
-2.9002,0.0061,2.0138,0.4905,27.1256
1.1276,0.0024,-1.08,0.8269,27.1246
6.858,0.1407,-1.5101,-0.4953,27.1437
-1.8503,-0.0769,1.7423,0.1282,27.1412
1.1497,0.1182,-0.6509,0.9563,27.1442
8.8507,-0.0164,-2.3201,-1.2601,27.1506
-3.1706,0.0328,2.6684,0.3635,27.124
1.3819,-0.0004,-0.9603,1.1259,27.1405
9.9779,0.0399,-2.0925,-1.159,27.1524
-4.1873,-0.0086,2.2094,0.4656,27.1313
2.7251,-0.0047,-1.3681,0.8243,27.1184
6.3345,0.1196,-1.3755,-0.6402,27.1355
-2.8445,-0.0806,1.9236,0.3234,27.1433
2.9057,0.1291,-1.0572,0.9389,27.1319
8.1169,0.0045,-1.9627,-1.3099,27.1448
-4.0152,0.0235,2.787,0.5764,27.1275
2.6131,-0.0096,-1.3983,0.9293,27.1209
9.5283,0.0226,-1.8342,-1.0606,27.1459
-4.7604,-0.0273,2.3837,0.4375,27.1578
4.1708,0.0195,-1.9025,0.6476,27.1408
5.8919,0.1001,-1.119,-0.3031,27.1407
-3.8849,-0.0705,2.2885,0.1977,27.141
4.4844,0.1406,-1.5554,0.7447,27.1267
7.3479,-0.0282,-1.4189,-1.2059,27.143
-4.447,0.0329,2.6125,0.5131,27.1194
4.0635,-0.0073,-1.8815,0.9057,27.1383
7.9406,0.0302,-1.2931,-0.8032,27.1477
-4.3198,-0.0312,2.3596,0.357,27.1425
5.2093,0.0198,-2.1678,0.4624,27.1404
5.1934,0.0978,-1.0796,-0.3371,27.1534
-4.4282,-0.0708,2.4439,0.3503,27.1384
5.43,0.1641,-1.5835,0.5709,27.1323
7.1517,-0.0282,-1.3453,-1.1311,27.1463
-4.7022,0.0401,2.8004,0.7655,27.1379
5.1301,0.0065,-2.4369,0.708,27.1449
6.5089,0.0234,-0.8245,-0.4399,27.1538
-4.0604,-0.0309,2.283,0.4476,27.136
6.9637,0.011,-2.8459,0.1247,27.1368
3.6783,0.0807,-0.3104,0.0732,27.1484
-4.6299,-0.0786,2.1456,0.0784,27.1324
6.3516,0.1446,-1.6892,0.431,27.1296
6.4203,-0.0353,-1.0033,-0.9852,27.1461
-4.5716,0.0458,2.5231,0.7259,27.1312
6.0348,0.0158,-2.4563,0.3462,27.1332
5.4564,0.0228,-0.6896,-0.4554,27.1381
-3.8727,-0.0387,2.323,0.5641,27.1319
8.1907,0.032,-3.0025,0.0095,27.1518
2.4527,0.0535,-0.1004,0.2352,27.1504
-4.4153,-0.0549,2.2546,0.2071,27.1404
7.6576,0.1584,-2.249,0.1101,27.1312
4.6797,-0.0463,-0.3577,-0.4326,27.1407
-4.1955,0.0427,2.0585,0.8136,27.1243
7.2677,-0.0102,-2.907,0.0216,27.1419
3.5942,0.0115,0.2008,-0.3018,27.1469
-2.9601,-0.0278,1.8288,0.4793,27.1434
8.7759,0.0204,-3.0607,-0.2427,27.1325
1.5768,0.0516,0.3775,0.31,27.1273
-3.9669,-0.0564,1.4596,0.4535,27.1448
8.6729,0.1635,-1.8822,-0.1515,27.1387
3.2751,-0.0547,-0.1787,-0.3742,27.1459
-3.8772,0.0592,1.7919,0.9486,27.1279
8.2444,-0.0123,-2.9138,-0.3484,27.131
2.2672,0.0158,0.6184,-0.2422,27.1278
-2.4502,-0.0259,1.5421,1.1148,27.1413
9.4589,0.0259,-3.0739,-0.539,27.1318
0.4681,0.0487,0.8507,0.3308,27.128
-2.755,-0.0449,0.8492,0.5245,27.1473
8.8971,0.1491,-1.9769,-0.331,27.1367
2.0018,-0.0648,0.4271,-0.0622,27.1261
-3.17,0.0588,1.1863,0.9858,27.1423
8.958,-0.014,-2.947,-0.5123,27.1531
0.9844,0.0319,1.2028,-0.347,27.168
-2.1234,-0.0164,0.982,1.1732,27.1242
10.2077,0.0221,-2.7759,-0.6341,27.1398
-0.4374,0.0266,0.9817,0.2993,27.13
-1.3992,-0.0126,0.5353,0.9009,27.1315
8.6673,0.1673,-2.038,-0.5989,27.1527
0.5716,-0.0742,1.0119,0.0636,27.1477
-2.1144,0.0874,0.6744,1.1621,27.1421
9.4582,-0.019,-3.0207,-1.0048,27.1717
-0.2738,0.0125,1.7451,-0.1467,27.1411
-0.9558,-0.0137,0.6374,1.0194,27.1359
10.2316,0.0258,-2.8772,-0.8855,27.1504
-1.1862,0.0183,1.5932,0.5077,27.1355
-0.2078,-0.0134,-0.3301,0.9916,27.1538
7.9988,0.1384,-1.7971,-0.5021,27.1289
-0.4584,-0.0847,1.3368,0.0847,27.144
-0.8741,0.0772,0.1387,1.0904,27.1325
9.8091,-0.0128,-2.6391,-0.9846,27.1472
-1.6294,0.0303,2.2301,0.048,27.1498
0.3254,-0.0241,0.0002,1.2175,27.1291
10.3858,0.0234,-2.6983,-1.0931,27.1433
-2.5492,-0.0067,1.9323,0.436,27.1437
1.7008,0.0006,-0.6949,1.106,27.1281
6.9897,0.1456,-1.6654,-0.64,27.1403
-1.1157,-0.0566,1.6187,0.26,27.1267
0.8673,0.0982,-0.4541,0.9308,27.1276
9.1204,-0.0072,-2.3005,-1.2115,27.1281
-2.5731,0.025,2.5772,0.2867,27.1338
0.9802,-0.007,-0.6412,0.9964,27.127
10.8095,0.0109,-2.361,-1.0942,27.1592
-3.3203,-0.0177,2.0688,0.4189,27.1394
2.4064,-0.012,-1.1982,0.9252,27.1297
7.1211,0.1096,-1.4629,-0.5036,27.133
-2.4169,-0.0671,1.9345,0.3546,27.1354
3.0552,0.1243,-1.013,1.0292,27.1324
8.5634,-0.0122,-1.9893,-1.2875,27.139
-3.457,0.0234,2.6191,0.5404,27.1405
2.5619,-0.0217,-1.1944,1.0869,27.1276
9.7254,0.026,-1.9095,-1.1137,27.1439
-3.9509,-0.0298,2.2579,0.414,27.1383
3.6945,0.0165,-1.5857,0.8175,27.1237
6.6401,0.1108,-1.3348,-0.4012,27.1439
-3.3508,-0.0835,2.1314,0.3553,27.1381
4.4081,0.1372,-1.3033,0.852,27.1293
8.0944,-0.0258,-1.6355,-1.2829,27.1332
-4.153,0.0324,2.7963,0.6742,27.1283
4.0152,-0.0001,-2.0006,0.9387,27.1252
8.7008,0.034,-1.4767,-0.7707,27.144
-4.3251,-0.0261,2.427,0.3731,27.1482
5.8344,0.0018,-2.2982,0.55,27.136
5.3009,0.0922,-0.8174,-0.09,27.1356
-3.8627,-0.0625,2.1526,0.3151,27.149
5.5262,0.1586,-1.6531,0.7445,27.1471
7.2545,-0.0246,-1.1617,-1.1194,27.1388
-4.0776,0.0388,2.6672,0.7784,27.1354
5.0613,-0.0024,-2.1953,0.7827,27.1363
7.3138,0.0318,-1.2544,-0.459,27.1459
-3.8664,-0.0287,2.6006,0.4186,27.1441
7.0996,0.0332,-2.6078,0.1658,27.1419
4.307,0.0835,-0.4947,0.1205,27.1433
-4.3204,-0.0614,2.4358,0.2596,27.135
6.6624,0.1479,-2.111,0.3096,27.1461
6.5131,-0.0518,-0.9028,-0.8159,27.1497
-4.1522,0.0447,2.5208,0.6664,27.1353
6.3645,-0.0157,-2.774,0.402,27.1498
5.4242,0.0142,-0.375,-0.346,27.1478
-3.1069,-0.0193,1.9649,0.5697,27.133
8.0948,0.0272,-2.8354,0.0609,27.1365
3.1524,0.0679,-0.0028,0.1199,27.1134
-4.1044,-0.0585,2.0237,0.3064,27.151
7.8629,0.1591,-1.9232,0.1273,27.1509
5.3877,-0.0438,-0.6245,-0.7467,27.1387
-3.994,0.0451,2.2044,0.9662,27.13
7.4506,-0.0009,-2.7991,0.0822,27.124
4.0836,0.0143,0.0649,-0.3845,27.1326
-2.8878,-0.0235,1.9862,0.8197,27.1392
9.2395,0.0124,-3.2589,-0.3748,27.1303
1.5585,0.0467,0.5802,0.5204,27.1491
-3.5011,-0.0418,1.4723,0.4146,27.1347
9.0367,0.1448,-2.1029,0.0711,27.1423
3.6924,-0.0565,0.1225,-0.3749,27.1356
-3.3493,0.0593,1.6021,0.8619,27.1438
8.3161,-0.0198,-2.9396,-0.1165,27.14
2.8974,0.0275,0.4599,-0.2034,27.1294
-2.3426,-0.0184,1.5248,0.9199,27.1335
9.8126,0.0277,-2.9142,-0.3396,27.1368
0.7788,0.0342,0.7013,0.2022,27.1433
-2.6488,-0.05,0.9675,0.675,27.139
9.2571,0.143,-1.9864,-0.4851,27.1325
2.1847,-0.0754,0.2796,-0.0491,27.1418
-2.6249,0.068,1.2753,1.0065,27.136
9.1715,-0.0194,-3.1181,-0.5195,27.1257
1.2282,0.0165,1.4279,-0.208,27.1405
-1.3116,-0.0258,0.8778,0.9849,27.1374
10.0321,0.0097,-2.804,-0.6694,27.1511
0.1555,0.0133,1.2362,0.424,27.1473
-1.3569,-0.032,0.2352,0.7447,27.1322
8.9102,0.1389,-1.7729,-0.3711,27.1456
1.1809,-0.0828,0.8515,0.025,27.1362
-2.0801,0.0697,0.5972,1.1146,27.1236
9.8477,-0.0153,-3.0078,-0.7629,27.1318
0.0514,0.0096,1.7363,-0.0867,27.1343
-0.6966,-0.021,0.6722,1.3675,27.1297
10.6575,0.0082,-2.7353,-1.1114,27.146
-1.0558,0.0176,1.4724,0.5147,27.1519
0.4484,-0.0179,-0.1967,0.9898,27.1204
8.0666,0.125,-1.9288,-0.6248,27.1484
0.0543,-0.0842,1.3914,0.2452,27.1308
-0.4465,0.0895,0.0249,0.9312,27.1545
9.7844,-0.0188,-2.7374,-0.8934,27.1347
-1.0262,0.0081,2.1978,0.2839,27.1345
0.3846,-0.0173,-0.0507,1.0566,27.1389
10.8645,0.0195,-2.4759,-0.932,27.1413
-2.1067,-0.0056,1.8065,0.42,27.1374
1.4641,-0.0201,-0.7052,1.2557,27.1368
7.4523,0.1237,-1.588,-0.5682,27.1426
-0.9419,-0.0725,1.6012,0.1318,27.131
1.5054,0.0841,-0.4512,1.0465,27.1408
9.4366,-0.0252,-2.4907,-1.3087,27.1628
-2.2769,0.0401,2.5757,0.4136,27.1474
1.8499,-0.0088,-0.6611,1.054,27.1386
10.4469,0.0223,-2.3467,-0.9806,27.1527
-2.7422,-0.0156,2.2194,0.5167,27.1398
2.7552,-0.0174,-1.2655,0.9488,27.142
7.0551,0.0958,-1.54,-0.4403,27.1428
-1.9016,-0.0819,1.9488,0.2874,27.1479
2.9863,0.1286,-0.9843,0.9337,27.1326
8.9357,-0.014,-2.0452,-1.185,27.1568
-3.0896,0.0362,2.8272,0.5634,27.139
2.8907,-0.0045,-1.2901,1.0484,27.1364
10.2227,0.0291,-1.9161,-0.9618,27.1467
-3.7957,-0.0187,2.3038,0.4454,27.1374
4.5487,-0.0023,-1.8373,0.857,27.168
6.6296,0.1017,-1.192,-0.231,27.1485
-2.9558,-0.0766,2.1611,0.2608,27.1343
4.5943,0.1206,-1.3747,0.8624,27.1228
8.2122,-0.0199,-1.5391,-1.3294,27.1712
-3.5726,0.0182,2.544,0.6511,27.1315
4.117,-0.0146,-1.7683,0.8179,27.1257
9.093,0.0215,-1.6235,-0.8073,27.1422
-3.6685,-0.0173,2.4428,0.4261,27.1343
5.4165,0.0086,-2.1352,0.4859,27.1436
6.1161,0.0936,-1.0093,0.0286,27.1486
-3.6542,-0.0789,2.373,0.2535,27.1413
5.8456,0.1427,-1.7134,0.6662,27.141
7.6663,-0.0348,-1.2673,-1.043,27.1487
-3.969,0.0361,2.792,0.6638,27.1297
5.5687,-0.0126,-2.5657,0.7111,27.1201
7.2685,0.0253,-0.7563,-0.4042,27.1261
-3.208,-0.0231,2.334,0.3674,27.1455
7.1421,0.0228,-2.5319,0.3992,27.1308
4.5893,0.0896,-0.4594,0.1379,27.1257
-3.7486,-0.0627,2.2878,0.3044,27.1411
6.6636,0.1435,-1.7929,0.5018,27.1343
7.0803,-0.0377,-1.0501,-0.9934,27.1492
-3.9805,0.0468,2.4432,0.8987,27.1354
6.6353,0.0048,-2.4555,0.3853,27.138
6.098,0.0045,-0.6955,-0.4412,27.1299
-3.1685,-0.0251,2.3876,0.631,27.1334
8.6592,0.0177,-3.1188,0.0474,27.1428
3.2647,0.0809,0.0507,0.3424,27.1301
-3.8261,-0.0482,1.8881,0.3096,27.1306
8.1405,0.1471,-2.1031,0.1553,27.1313
5.5305,-0.0426,-0.3627,-0.5304,27.1415
-3.714,0.0489,2.0084,0.9739,27.1234
7.7453,0.012,-2.7739,0.1675,27.1503
4.393,0.0309,0.0085,-0.2712,27.1358
-2.2814,-0.0273,1.8293,0.6332,27.1341
9.1206,0.0202,-3.0109,-0.1249,27.1397
2.2562,0.0456,0.2701,0.3369,27.1236
-3.2449,-0.0478,1.6005,0.4654,27.1317
9.2975,0.1624,-2.0677,0.0157,27.1443
3.9842,-0.058,-0.1451,-0.3291,27.1162
-3.1238,0.081,1.8641,1.0868,27.1253
8.7114,0.0031,-3.1329,-0.3277,27.1333
2.6926,0.0167,0.7027,-0.0343,27.1444
-1.7364,-0.0131,1.4877,0.932,27.1504
9.855,0.0213,-3.0802,-0.361,27.1444
1.3272,0.0444,0.8722,0.4221,27.1383
-2.4202,-0.0511,0.8564,0.4398,27.1264
9.6414,0.1423,-1.9855,-0.2218,27.115
2.7874,-0.0583,0.3999,-0.0334,27.1385
-2.3818,0.0673,1.2921,0.9198,27.1305
9.3658,0.0131,-2.9503,-0.4633,27.1549
1.7337,0.0228,1.0751,-0.2374,27.1264
-1.4467,-0.0014,1.1195,1.1933,27.1327
10.5651,0.0257,-2.8423,-0.6552,27.1353
0.1841,0.0244,1.1031,0.3812,27.1447
-0.9755,-0.0149,0.4244,0.9393,27.1359
9.2248,0.1298,-1.9724,-0.4393,27.1365
1.3604,-0.059,1.0402,0.1664,27.1403
-1.4378,0.0873,0.6213,1.054,27.1268
9.9686,-0.0054,-2.9429,-0.711,27.1459
0.6909,0.03,1.8153,0.0805,27.1349
-0.4587,-0.0113,0.5446,0.9921,27.1354
10.5937,0.0308,-2.6867,-0.6405,27.1649
-0.4327,0.0066,1.3222,0.4329,27.1246
0.2459,-0.0166,-0.1991,0.9716,27.1533
8.6118,0.1316,-1.6711,-0.5307,27.1335
0.3767,-0.0777,1.0413,0.0632,27.1285
-0.5313,0.1037,0.2122,1.2142,27.1216
10.4848,-0.0091,-2.8271,-0.9872,27.139
-0.7611,0.0198,2.085,0.2656,27.1284
0.6781,-0.0124,0.1274,1.375,27.1118
10.9062,0.0178,-2.6388,-1.1804,27.1346
-1.4378,0.0003,1.8787,0.4972,27.1264
1.5837,-0.0239,-0.808,0.9757,27.122
7.6845,0.1365,-1.5916,-0.3908,27.14
-0.0855,-0.0826,1.5252,0.2815,27.1318
0.9149,0.1009,-0.4464,0.9943,27.1295
9.9131,-0.0088,-2.3937,-1.0226,27.1522
-1.5141,0.0334,2.394,0.2187,27.1476
1.4221,0.0094,-0.5466,1.2003,27.1384
11.2582,0.0331,-2.3801,-1.0023,27.1469
-2.6339,0.0059,2.0387,0.3419,27.1384
2.8551,-0.0179,-1.0716,1.1796,27.1145
7.6292,0.1078,-1.5867,-0.5778,27.1271
-1.4327,-0.0809,1.9582,0.1354,27.1283
3.0886,0.1205,-0.9548,1.1277,27.126
9.1291,-0.0108,-1.9965,-1.2029,27.1493
-2.505,0.0281,2.6345,0.536,27.1441
2.959,-0.0086,-1.1851,1.0574,27.1399
10.5447,0.0347,-2.0363,-0.8924,27.1328
-3.1682,-0.0107,2.2378,0.5318,27.1394
3.787,0.0205,-1.6103,0.9286,27.131
7.4341,0.1062,-1.3139,-0.1971,27.1485
-2.4959,-0.0792,2.0515,0.3388,27.139
4.4414,0.1166,-1.1833,1.0159,27.1264
8.8551,-0.0169,-1.7509,-1.188,27.1411
-3.2099,0.0323,2.8374,0.5917,27.1342
4.3165,-0.0164,-1.8425,1.0542,27.115
9.5087,0.014,-1.5682,-0.9687,27.1453
-3.4164,-0.0351,2.3612,0.4567,27.1184
5.5471,-0.0009,-2.0936,0.711,27.1462
6.29,0.1062,-1.0956,-0.2068,27.1502
-3.0225,-0.0815,2.3257,0.3486,27.1506
5.6067,0.1399,-1.6358,0.7351,27.1307
8.1046,-0.0373,-1.3902,-1.1014,27.1289
-3.5421,0.0253,2.6389,0.7413,27.1202
5.443,0.006,-2.0373,0.7644,27.1397
8.4368,0.0178,-1.3867,-0.5259,27.1226
-3.3313,-0.0191,2.3946,0.5254,27.1277
7.2049,0.0171,-2.6216,0.2538,27.1498
5.2483,0.0777,-0.5765,0.0913,27.1345
-3.7358,-0.0668,2.1726,0.3676,27.1402
7.1236,0.1343,-1.8152,0.6433,27.1211
7.2507,-0.0421,-1.0721,-0.8098,27.1347
-3.576,0.025,2.5662,0.7192,27.1229
6.458,-0.0009,-2.4621,0.6476,27.1419
6.6098,0.0184,-0.6867,-0.3815,27.1267
-2.5086,-0.0312,2.2847,0.5144,27.1341
8.1687,0.0286,-2.8894,0.2611,27.1259
4.0496,0.067,-0.3001,0.0857,27.1275
-3.4637,-0.0523,2.1341,0.4441,27.1284
8.0072,0.1594,-1.9192,0.2393,27.1349
6.4606,-0.059,-0.6367,-0.5849,27.1394
-3.6275,0.0433,2.3585,0.9383,27.1343
7.7417,0.0068,-2.8891,0.2112,27.121
4.978,0.0143,-0.0849,-0.2323,27.1332
-2.3666,-0.026,1.9081,0.8521,27.1325
9.5933,0.0186,-3.0749,-0.0773,27.1346
2.5887,0.0482,0.5134,0.3514,27.1262
-3.0126,-0.0511,1.5358,0.2788,27.1249
9.2023,0.1568,-1.9795,0.0906,27.1342
4.7865,-0.0519,-0.1938,-0.3341,27.1232
-2.9473,0.0498,1.8204,1.0059,27.1374
8.7225,0.0011,-2.873,-0.1107,27.1334
3.6503,0.0165,0.3069,-0.2983,27.1324
-1.9541,-0.014,1.5883,1.0535,27.1307
10.173,0.0153,-3.0375,-0.4053,27.1343
1.8002,0.0269,0.6713,0.3863,27.1274
-2.4654,-0.0527,1.2671,0.6395,27.1302
9.8665,0.1374,-2.0933,-0.2331,27.1549
3.0604,-0.074,0.3899,-0.0247,27.1184
-2.2014,0.0644,1.2236,1.0519,27.1255
9.5441,-0.0063,-3.0818,-0.3715,27.1489
2.0548,0.0216,1.181,-0.0577,27.1415
-0.7899,-0.0169,0.9749,0.9242,27.1239
10.3902,0.0243,-2.8149,-0.4035,27.143
0.872,0.018,0.9668,0.3047,27.1199
-0.8326,-0.0338,0.4503,0.9356,27.1336
9.4499,0.1536,-1.8217,-0.2752,27.1357
1.9826,-0.074,0.6687,0.0155,27.1289
-1.5387,0.071,0.9478,1.3089,27.131
10.2353,-0.0212,-3.0112,-0.9173,27.1454
0.867,0.0182,1.5866,0.0239,27.1561
-0.3102,-0.0124,0.7821,1.2616,27.1293
10.9968,0.0112,-2.9289,-0.9638,27.1539
-0.1094,0.0198,1.4926,0.5472,27.1261
0.4157,-0.0276,-0.2892,1.0659,27.1239
8.9685,0.1458,-1.7658,-0.3992,27.1296
1.0569,-0.0677,1.1272,0.2175,27.1332
-0.316,0.0838,0.1877,0.9812,27.1428
10.4524,-0.0131,-2.763,-0.8406,27.1366
-0.0103,0.0131,1.8754,0.1945,27.1419
0.415,-0.0262,0.1118,1.1998,27.1171
11.4253,0.0238,-2.5703,-0.8477,27.152
-1.2317,-0.0153,1.5099,0.4983,27.1243
1.6161,-0.0148,-0.383,1.3469,27.1321
8.2559,0.1189,-1.7461,-0.6026,27.1249
-0.0585,-0.0766,1.5831,0.1066,27.1287
1.5034,0.0975,-0.3542,1.2101,27.1301
10.0849,-0.0209,-2.5695,-1.1516,27.1445
-1.1956,0.0223,2.5795,0.5776,27.1325
1.9549,-0.0091,-0.4975,1.0551,27.1469
11.1545,0.0203,-2.432,-0.9625,27.1354
-2.0927,-0.0084,1.958,0.5517,27.1289
2.6923,-0.0094,-1.0684,0.8469,27.1374
7.9005,0.1106,-1.4597,-0.2365,27.1274
-1.0044,-0.0836,1.7387,0.1732,27.1261
3.0509,0.1089,-0.6657,1.1495,27.1283
9.6494,-0.0205,-2.172,-1.1947,27.1374
-2.2415,0.0224,2.5796,0.4388,27.1271
3.1066,-0.0114,-1.0113,1.3809,27.1247
11.0301,0.0215,-2.2025,-1.0926,27.1492
-2.9222,-0.01,2.3626,0.5738,27.1377
4.1676,0.006,-1.6072,1.1395,27.1475
7.387,0.0971,-1.3773,-0.4942,27.1307
-1.8647,-0.0896,2.0861,0.3731,27.1178
4.4663,0.1119,-1.2697,0.9438,27.1499
8.9624,-0.0273,-1.6098,-1.1273,27.1519
-2.6955,0.0157,2.6013,0.7592,27.1294
4.059,-0.0262,-1.6509,1.1307,27.1413
10.3919,0.0232,-1.6757,-0.8557,27.1423
-3.2483,-0.0212,2.2929,0.4282,27.1345
5.5579,0.0154,-1.8642,0.7701,27.1281
6.9445,0.1033,-1.1124,-0.206,27.1421
-3.0178,-0.0892,2.2721,0.2358,27.1353
6.0017,0.1174,-1.6513,0.8875,27.1352
8.4998,-0.0323,-1.4701,-1.2179,27.1508
-3.23,0.0208,2.7301,0.8825,27.1245
5.6415,-0.0045,-2.0693,0.7764,27.128
8.5696,0.024,-1.3785,-0.615,27.1524
-3.053,-0.0306,2.4378,0.5227,27.1332
7.2001,-0.0049,-2.5549,0.3568,27.1367
5.6827,0.0784,-0.7549,0.049,27.1352
-3.32,-0.0853,2.3762,0.3631,27.1361
6.8712,0.1444,-1.7709,0.4807,27.1454
7.8556,-0.0439,-1.1471,-0.9719,27.1527
-3.4267,0.0299,2.5894,0.9465,27.136
6.6479,-0.0086,-2.4942,0.5663,27.1335
7.3926,0.0087,-0.8003,-0.3586,27.1485
-2.6483,-0.0312,2.2835,0.5345,27.1573
8.78,0.0052,-2.8063,0.3364,27.1448
4.0955,0.0639,-0.2417,0.1653,27.1343
-3.2871,-0.0631,2.1228,0.4447,27.135
8.1128,0.1568,-2.0133,0.3787,27.1278
6.6149,-0.0422,-0.7107,-0.6607,27.1308
-3.1188,0.0319,2.2718,0.9759,27.1506
7.5815,-0.0043,-2.7551,0.3172,27.1244
5.8374,-0.0023,-0.317,-0.241,27.1295
-2.2472,-0.0478,2.1013,0.8906,27.1278
9.6821,0.0096,-3.0879,-0.0988,27.132
3.2923,0.0317,0.2924,0.419,27.1203
-3.1459,-0.0526,1.6151,0.4007,27.1365
9.546,0.1579,-2.0282,0.0763,27.136
5.1413,-0.0542,-0.2714,-0.3487,27.1358
-2.9248,0.054,1.8121,1.0181,27.127
8.8717,-0.0199,-2.9424,0.0038,27.1406
3.8411,0.0084,0.4718,-0.3199,27.1352
-1.5258,-0.023,1.4654,1.0654,27.1371
10.3695,0.019,-3.0246,-0.1768,27.1217
2.0397,0.0325,0.6274,0.2987,27.1449
-1.8616,-0.048,1.1451,0.6489,27.1306
9.8578,0.1579,-2.0181,-0.176,27.1422
3.6355,-0.063,0.2353,-0.1263,27.1374
-2.1347,0.0631,1.3786,1.1893,27.1321
9.8114,-0.0003,-3.0923,-0.4567,27.1257
2.5476,-0.003,1.1104,-0.1665,27.1292
-1.0866,-0.0116,1.2213,1.1011,27.1311
10.9877,0.0145,-3.028,-0.423,27.1283
0.7803,0.0313,1.1859,0.3793,27.1607
-0.6906,-0.034,0.3754,0.843,27.1324
9.9277,0.1483,-1.8941,-0.2749,27.1321
2.1315,-0.0719,0.7777,0.1032,27.1518
-1.0794,0.0798,0.7647,1.0971,27.1209
10.3634,-0.0192,-3.0808,-0.415,27.1549
1.2519,0.0205,1.4887,0.0026,27.155
-0.1142,-0.0284,0.6296,1.2183,27.1318
11.2838,0.0055,-2.6461,-0.7377,27.1556
0.1964,-0.0119,1.2986,0.421,27.1271
0.5729,-0.0295,0.0047,1.2223,27.1306
9.1208,0.1286,-1.7757,-0.5295,27.1312
1.1608,-0.0751,1.2362,0.2487,27.1405
-0.0873,0.0756,0.2416,1.1196,27.1175
10.7423,-0.0282,-2.9064,-0.8113,27.1338
-0.0678,0.0108,2.2216,0.2353,27.1307
1.0033,-0.0101,-0.2009,1.2887,27.131
11.3931,0.0122,-2.5251,-0.856,27.1372
-0.8218,0.0028,1.8296,0.4827,27.1427
2.1015,-0.0309,-0.7362,1.1433,27.1298
8.3566,0.1206,-1.5318,-0.3125,27.1346
0.374,-0.0822,1.4317,0.2318,27.139
1.5165,0.09,-0.3002,1.0694,27.126
10.6359,-0.0182,-2.4512,-0.9028,27.1376
-1.2346,0.0091,2.3866,0.3053,27.1402
2.0418,-0.0114,-0.3407,1.2834,27.1408
11.5387,-0.0005,-2.5642,-1.1464,27.1448
-2.145,-0.0257,2.1247,0.6288,27.1128
3.3645,-0.0069,-1.1542,1.2879,27.1235
7.8641,0.1091,-1.5695,-0.4483,27.1407
-0.5753,-0.0803,1.9632,0.3667,27.1444
3.4733,0.1058,-1.0633,1.1741,27.1288
9.7344,-0.015,-2.0135,-1.0364,27.1527
-1.8374,0.0289,2.6447,0.4741,27.1361
3.2481,-0.0216,-1.288,1.0819,27.1403
11.1965,0.0056,-1.9475,-0.8253,27.1431
-2.6894,-0.0302,2.1317,0.3483,27.1296
4.3228,-0.0055,-1.5121,1.0367,27.1325
7.6231,0.1037,-1.4008,-0.3345,27.1289
-1.8873,-0.082,2.1128,0.3167,27.1372
5.0551,0.127,-1.2561,1.0106,27.132
9.2016,-0.0264,-1.8256,-1.2247,27.1262
-2.5116,0.0158,2.6969,0.7105,27.1311
4.7931,-0.0146,-1.7885,1.2084,27.1311
10.0062,0.0245,-1.7483,-0.8236,27.1429
-2.8285,-0.0319,2.4028,0.5555,27.1134
5.8661,-0.0016,-2.1138,0.7265,27.1484
6.9495,0.0876,-0.8898,-0.1247,27.1273
-2.5767,-0.0928,2.1124,0.1751,27.1311
5.858,0.1195,-1.6043,0.7026,27.1206
8.7838,-0.04,-1.4568,-0.8988,27.1339
-3.0192,0.0172,2.5781,0.711,27.1215
5.8529,-0.0153,-2.1366,0.9123,27.1288
9.0411,0.0099,-1.2963,-0.4254,27.1242
-2.9627,-0.0261,2.3248,0.4411,27.1354
7.6706,0.0169,-2.4684,0.5617,27.13
5.7237,0.0829,-0.6853,0.1448,27.135
-2.9371,-0.0673,2.2901,0.3118,27.1246
7.2479,0.1411,-1.8867,0.6581,27.1327
7.8134,-0.0401,-1.0878,-1.0358,27.1446
-2.9066,0.0154,2.4799,1.0384,27.1414
6.9623,-0.0162,-2.5936,0.6134,27.1149
7.2392,0.0051,-0.8328,-0.2902,27.1415
-2.0587,-0.0353,2.3267,0.615,27.1269
8.5551,0.0175,-2.9827,0.0711,27.1508
4.4638,0.0675,-0.1961,0.3099,27.1412
-3.1201,-0.0718,2.0532,0.283,27.1385
8.619,0.1446,-1.9601,0.3045,27.133
6.7512,-0.0585,-0.6825,-0.5285,27.1497
-2.9536,0.0382,2.2259,0.7805,27.1393
8.3291,-0.0097,-2.8655,0.376,27.1347
5.3784,0.0038,-0.1003,-0.2286,27.1287
-1.6251,-0.0303,1.7565,0.853,27.1232
9.9897,0.0167,-3.1272,-0.0143,27.1278
3.0504,0.0334,0.2377,0.408,27.1472
-2.5565,-0.0671,1.656,0.6761,27.1366
9.6459,0.149,-2.1884,-0.023,27.132
5.1699,-0.0702,-0.2917,-0.3256,27.1194
-2.556,0.0345,1.7443,1.1355,27.1363
9.0674,-0.0082,-2.9012,-0.0415,27.125
4.4,0.0098,0.5257,-0.1504,27.129
-1.4127,-0.0122,1.4532,1.1002,27.1267
10.7427,0.0275,-2.9993,-0.4254,27.1426
2.1239,0.0342,0.7513,0.4,27.1168
-1.736,-0.0583,1.069,0.6579,27.1276
10.5272,0.1309,-2.029,-0.1631,27.1387
3.2764,-0.0742,0.2238,0.0356,27.1244
-1.6938,0.0675,1.1426,1.2012,27.1134
10.0671,-0.017,-2.9525,-0.372,27.1375
2.4977,0.0063,1.1671,-0.1864,27.1203
-0.3541,-0.0225,1.0767,1.2224,27.1257
10.9463,0.0233,-2.9229,-0.3616,27.1308
1.2533,0.0289,1.0133,0.4986,27.134
-0.1762,-0.0323,0.2751,1.0539,27.1322
9.8709,0.1374,-1.8524,-0.3455,27.1353
2.2839,-0.089,0.885,0.2468,27.1303
-0.8417,0.0708,0.632,1.3772,27.1306
10.8163,-0.0246,-2.9387,-0.7979,27.1307
0.942,0.0094,1.8091,0.0698,27.1336
0.3131,0.0016,0.479,1.2796,27.1177
11.6869,0.0075,-2.6987,-0.693,27.1438
0.1924,0.0011,1.4292,0.5873,27.1484
1.2666,-0.0261,-0.3992,0.9841,27.1165
8.9463,0.1324,-1.6724,-0.364,27.1417
1.3181,-0.0854,0.9931,0.2786,27.1317
0.5819,0.0712,0.0483,1.2353,27.133
10.8031,-0.0216,-2.7118,-0.8194,27.148
0.1201,0.0122,1.9672,0.1821,27.1466
1.3365,-0.0232,-0.0158,1.28,27.1393
11.8049,0.0197,-2.5695,-1.0083,27.1309
-1.086,-0.0127,1.8057,0.4434,27.1526
2.7196,-0.0235,-0.7144,1.2599,27.1296
8.463,0.111,-1.7981,-0.4183,27.1334
-0.0314,-0.0812,1.774,0.2456,27.1317
2.6273,0.0979,-0.7385,1.0515,27.1203
10.4357,-0.0284,-2.2401,-1.0194,27.1348
-1.3995,0.0158,2.5737,0.4487,27.1177
2.8752,-0.0297,-1.044,1.1656,27.13
11.5975,-0.002,-2.1594,-0.9559,27.1458
-2.0284,-0.0053,1.9414,0.4715,27.1354
3.9339,-0.0132,-1.2262,1.0801,27.1373
8.2046,0.0993,-1.4883,-0.2057,27.1343
-0.8732,-0.0789,1.7203,0.3127,27.1196
4.268,0.1227,-0.9312,1.1909,27.1141
9.8015,-0.027,-2.0421,-1.1431,27.1452
-2.1894,0.0139,2.6684,0.7565,27.1253
4.1763,-0.0025,-1.4024,1.3128,27.1366
10.908,0.0156,-1.9442,-1.0092,27.1373
-2.6487,-0.0354,2.3401,0.5869,27.1138
5.3131,-0.0111,-2.0339,0.7477,27.1283
7.4233,0.1043,-1.1836,-0.1888,27.1419
-1.6878,-0.0765,2.0954,0.4652,27.1393
5.7036,0.132,-1.4822,0.9075,27.1217
9.1632,-0.0276,-1.4166,-1.1619,27.1275
-2.246,0.0116,2.582,0.7556,27.1387
5.0168,-0.0161,-2.0367,1.0958,27.1136
9.9784,0.0274,-1.5285,-0.5099,27.1337
-2.7848,-0.0296,2.3599,0.4728,27.1288
6.7828,-0.007,-2.1747,0.5691,27.1325
6.7997,0.078,-1.0934,0.0168,27.1326
-2.8114,-0.0939,2.3394,0.4053,27.1122
6.9115,0.1238,-1.7956,0.7614,27.1393
8.6388,-0.0436,-1.2219,-1.0308,27.1407
-2.8387,0.0211,2.6271,0.9151,27.1351
6.6845,0.0027,-2.3672,0.8483,27.1282
8.2854,0.0132,-1.0797,-0.3986,27.1294
-2.0709,-0.0295,2.1849,0.7509,27.1477
8.2291,-0.0018,-2.7653,0.238,27.1301
5.3782,0.0561,-0.4802,0.2484,27.1443
-2.8969,-0.0769,2.1213,0.4608,27.1362
7.8926,0.1464,-2.0461,0.597,27.1108
7.7211,-0.052,-0.9119,-0.7001,27.138
-2.9382,0.0219,2.4022,0.9274,27.1285
7.9049,-0.0051,-2.6213,0.5927,27.118
6.6475,0.0074,-0.3682,-0.2264,27.1197
-1.7727,-0.0377,2.016,0.5223,27.1359
9.7319,0.0029,-2.9832,0.1807,27.143
3.8211,0.0394,0.0293,0.2665,27.1193
-2.4715,-0.0685,1.7962,0.5287,27.1337
9.182,0.1316,-2.0428,0.1874,27.1281
6.3414,-0.0653,-0.4606,-0.5311,27.1296
-2.3194,0.0451,1.9909,1.0743,27.1245
8.4786,0.0033,-2.9756,0.1537,27.1414
5.3082,-0.0013,0.0639,-0.1066,27.1339
-1.4953,-0.0212,1.8073,1.0361,27.1491
10.4911,0.0079,-3.0857,-0.2777,27.1327
3.0356,0.03,0.4695,0.4308,27.1244
-2.2735,-0.069,1.2907,0.685,27.113
10.3229,0.1312,-2.088,0.0239,27.1269
4.7038,-0.0825,0.057,-0.1637,27.1211
-2.0436,0.0355,1.5269,1.1083,27.1399
9.9026,-0.0209,-2.9527,-0.104,27.1285
3.7017,0.0109,0.8368,-0.1755,27.1391
-0.6152,-0.0332,1.1615,1.3067,27.1333
11.0185,0.0175,-2.9374,-0.2762,27.1353
1.8471,0.0261,0.7715,0.3462,27.1209
-0.8411,-0.0489,0.755,0.8592,27.1162
10.242,0.1419,-2.0498,-0.147,27.1162
3.2643,-0.0959,0.4867,0.0564,27.129
-1.4763,0.0481,1.0873,1.3012,27.1253
10.7758,-0.0399,-3.1366,-0.6146,27.1174
2.0824,-0.0066,1.4735,-0.0023,27.1419
0.1159,-0.0169,0.8332,1.3635,27.1188
11.6538,0.0111,-2.9098,-0.7882,27.1408
0.8162,0.0029,1.1866,0.5985,27.1397
0.9259,-0.0316,-0.1319,0.9774,27.1402
