-4.310101,0.021478,-0.054432,-1.02163,27.534754
0.2205,0.0053,0.0289,-0.1657,27.584
0.0937,0.033,-0.0496,-0.237,27.5745
-0.2392,-0.0153,-0.412,-0.3348,27.573
0.0821,-0.0264,0.0044,-0.2827,27.5757
0.177,0.0233,-0.0587,-0.1154,27.5679
-0.178,-0.0059,-0.3496,-0.2939,27.5766
0.088,-0.0265,-0.223,-0.219,27.5669
0.1461,0.0215,0.0312,-0.0949,27.5727
0.285,0.0348,-0.2141,-0.2925,27.5564
-0.3584,-0.0273,-0.3295,-0.2712,27.5724
0.3018,-0.0137,0.0441,-0.1826,27.5725
0.1783,0.0279,-0.0969,-0.203,27.5788
-0.1154,-0.0146,-0.4151,-0.247,27.5737
0.0242,-0.0192,-0.0435,-0.2871,27.587
0.4205,0.0337,-0.026,-0.1714,27.5626
-0.3111,0.0093,-0.3207,-0.2539,27.5793
0.2115,-0.0422,-0.2494,-0.3295,27.5723
0.1617,0.0119,0.0675,-0.1314,27.5766
0.4568,0.0265,-0.2363,-0.2651,27.5776
-0.4631,-0.0342,-0.3077,-0.2341,27.5698
0.5765,-0.0153,0.0609,-0.2203,27.5705
0.0701,0.0335,-0.143,-0.1601,27.5822
-0.1063,-0.0239,-0.4142,-0.2878,27.5766
0.1716,-0.0339,-0.036,-0.3128,27.5707
0.5274,0.0398,-0.0044,-0.0887,27.5623
-0.2328,0.0195,-0.3614,-0.2173,27.5749
0.1164,-0.0528,-0.1392,-0.2658,27.5791
0.4056,0.0206,0.0217,-0.0943,27.5662
0.0607,0.031,-0.2874,-0.1412,27.584
-0.0097,-0.0543,-0.3231,-0.321,27.5727
0.4659,-0.0114,0.0828,-0.2104,27.5666
0.3756,0.0543,-0.2616,-0.2098,27.5725
-0.3695,-0.0366,-0.3646,-0.2535,27.5818
0.6931,-0.038,0.0237,-0.2417,27.5688
0.092,0.044,-0.1503,-0.1387,27.5741
-0.0803,0.0079,-0.3569,-0.2492,27.5616
0.308,-0.0545,-0.1262,-0.2679,27.576
0.4907,0.0301,0.1105,-0.0306,27.5774
-0.0349,0.0354,-0.4444,-0.2201,27.578
0.0707,-0.0586,-0.1508,-0.3189,27.57
0.8109,0.001,0.085,-0.1059,27.5783
-0.1875,0.0613,-0.3893,-0.1781,27.5775
0.1461,-0.0468,-0.2285,-0.3315,27.5731
0.5508,-0.0309,-0.0018,-0.1428,27.5752
0.2069,0.0611,-0.2908,-0.1214,27.5682
-0.0012,-0.0266,-0.256,-0.2377,27.5801
0.5439,-0.0603,0.0517,-0.255,27.5758
0.4163,0.0573,-0.1942,-0.1382,27.5705
-0.2117,0.0079,-0.4074,-0.2424,27.5759
0.7397,-0.0536,0.0434,-0.2586,27.5823
0.4299,0.0237,-0.1581,-0.1789,27.5822
-0.2694,0.0322,-0.4224,-0.1375,27.5666
0.6635,-0.055,-0.0006,-0.299,27.5784
0.4834,-0.0004,-0.084,-0.0751,27.5705
-0.1726,0.0598,-0.3445,-0.1088,27.5731
0.6093,-0.0261,-0.184,-0.3973,27.582
0.3655,-0.0359,-0.0002,-0.0993,27.5784
0.0643,0.0635,-0.3733,-0.0973,27.5669
0.3482,-0.0089,-0.1912,-0.3057,27.5831
0.6717,-0.0441,0.0824,-0.1863,27.5693
0.0878,0.0521,-0.4157,-0.1654,27.5643
0.2027,0.0158,-0.2193,-0.3506,27.5615
0.8192,-0.0573,0.0824,-0.1391,27.5714
0.032,0.0424,-0.3887,-0.1766,27.5711
0.1825,0.0183,-0.2334,-0.3378,27.5781
0.9067,-0.0347,0.0574,-0.1253,27.5724
-0.0381,0.0145,-0.4306,-0.1746,27.5784
0.1946,0.0218,-0.2918,-0.2972,27.5696
0.938,-0.0362,0.0612,-0.1596,27.573
0.1057,0.0123,-0.3724,-0.0359,27.5778
0.0997,0.0056,-0.2035,-0.1828,27.5745
0.9217,-0.0001,0.05,-0.2555,27.5745
0.1945,-0.0024,-0.3433,-0.0719,27.5691
0.0533,0.0104,-0.3329,-0.2116,27.5741
1.0126,-0.0,0.0612,-0.1627,27.5745
0.3262,0.0068,-0.313,-0.1145,27.573
-0.1502,-0.0137,-0.3202,-0.1645,27.5708
1.1365,0.0118,0.1113,-0.2332,27.5777
0.2757,0.0058,-0.3776,-0.1426,27.5686
-0.0745,-0.0195,-0.382,-0.125,27.5722
1.1063,-0.0013,0.1142,-0.2505,27.573
0.4183,0.0189,-0.2865,-0.0977,27.5725
-0.2156,-0.0248,-0.3725,-0.0573,27.5712
1.2156,-0.007,0.127,-0.3003,27.5718
0.3778,0.0365,-0.3262,-0.1412,27.5752
-0.1657,-0.021,-0.4062,-0.0675,27.583
1.1413,-0.0182,0.0896,-0.3128,27.5637
0.4947,0.0232,-0.269,-0.1174,27.569
-0.2436,0.0084,-0.4002,-0.0247,27.567
1.2722,-0.035,0.086,-0.3209,27.5716
0.5211,0.0235,-0.319,-0.1313,27.5784
-0.2779,0.0035,-0.3763,-0.0461,27.5792
1.28,-0.032,0.1384,-0.3174,27.5781
0.5459,0.0005,-0.3741,-0.1982,27.5677
-0.3492,0.0285,-0.4015,-0.0262,27.5748
1.4037,-0.0396,0.125,-0.2579,27.5643
0.5642,0.0044,-0.3476,-0.0923,27.5713
-0.4464,0.0239,-0.3695,0.0119,27.5718
1.5441,-0.0291,0.1046,-0.3178,27.568
0.5009,-0.0071,-0.3926,-0.09,27.5695
-0.3729,0.0423,-0.3771,-0.0335,27.5783
1.5886,-0.022,0.1503,-0.2972,27.5714
0.3447,-0.0138,-0.3984,-0.1869,27.5677
-0.1528,0.0337,-0.4427,-0.0933,27.5723
1.5289,-0.0336,0.2266,-0.2242,27.5738
0.3513,-0.0279,-0.4925,-0.1733,27.5806
0.0177,0.0339,-0.3909,-0.0379,27.5712
1.3832,-0.0068,0.2162,-0.2321,27.5701
0.34,-0.0178,-0.4661,-0.1362,27.5743
0.3023,0.0299,-0.418,-0.1164,27.5758
1.0942,-0.0054,0.2556,-0.106,27.5753
0.3522,-0.0021,-0.4075,-0.1085,27.5663
0.6089,0.0094,-0.5568,-0.3232,27.582
0.9553,-0.0123,0.3582,-0.1125,27.5687
0.2541,-0.0127,-0.5054,-0.0728,27.574
0.7837,0.0002,-0.3424,-0.2592,27.5761
0.9613,-0.0124,0.2089,-0.2037,27.5687
0.1016,0.006,-0.4756,-0.0489,27.5747
0.8415,-0.0038,-0.3307,-0.3645,27.5762
1.1215,-0.0146,0.142,-0.1465,27.5759
-0.269,-0.0045,-0.5552,0.0914,27.5684
1.0433,-0.0129,-0.1557,-0.3477,27.5737
1.3427,-0.0142,-0.094,-0.0766,27.5659
-0.613,0.0168,-0.4336,0.0902,27.5716
1.3423,-0.0066,-0.0872,-0.2746,27.5672
1.3021,-0.0099,-0.1403,-0.2175,27.5737
-0.7166,0.0175,-0.4804,0.1025,27.5669
1.6896,0.0122,0.0638,-0.2259,27.5753
0.8326,-0.0002,-0.2915,-0.254,27.5731
-0.205,0.0235,-0.5195,-0.0081,27.5747
1.5984,-0.0069,0.2512,-0.1101,27.5734
0.3909,-0.0176,-0.3543,-0.1875,27.584
0.5822,-0.0089,-0.6339,-0.1732,27.5702
1.3066,0.0019,0.3759,-0.243,27.5737
0.1477,-0.0034,-0.4854,-0.0582,27.5834
0.8752,0.0069,-0.411,-0.298,27.5791
1.3621,0.0169,0.2026,-0.1271,27.5751
-0.1587,0.0111,-0.5631,-0.0602,27.5765
0.8626,-0.0063,-0.1287,-0.1968,27.5718
1.6547,0.0084,-0.1055,-0.3364,27.583
-0.5989,0.0073,-0.4367,0.0498,27.5671
1.3793,-0.0112,-0.0005,-0.1872,27.568
1.33,0.005,-0.1861,-0.262,27.5815
-0.4101,0.0251,-0.5776,-0.0228,27.5685
1.6939,-0.0191,0.1717,-0.0018,27.5702
0.5891,-0.012,-0.2915,-0.2261,27.5697
0.602,0.0206,-0.6612,-0.1921,27.5795
1.3243,-0.0164,0.3721,-0.1208,27.5808
0.2575,-0.0245,-0.5193,-0.0577,27.5746
0.9184,0.0034,-0.3904,-0.3726,27.5798
1.4762,0.0031,0.1759,-0.0744,27.5745
-0.1392,-0.0199,-0.4964,0.0418,27.5689
0.9273,-0.0113,-0.1316,-0.1504,27.577
1.8601,0.0198,-0.132,-0.2212,27.5641
-0.7342,0.0049,-0.5634,0.0725,27.5772
1.733,-0.0236,0.088,-0.1115,27.5809
0.9578,-0.0044,-0.276,-0.1839,27.5745
0.3291,0.0195,-0.6964,-0.1924,27.5743
1.4752,-0.0284,0.3139,-0.0121,27.576
0.3401,-0.0227,-0.3941,-0.1023,27.5719
1.0076,0.0147,-0.5415,-0.306,27.5775
1.3672,-0.0092,0.1853,-0.0683,27.5751
-0.0112,-0.0107,-0.5576,-0.0305,27.569
1.0364,0.0158,-0.1027,-0.2222,27.5763
1.7977,0.0044,-0.0461,-0.184,27.5824
-0.5654,0.0066,-0.6431,-0.018,27.5807
1.9123,-0.0024,0.2152,-0.0892,27.5741
0.6814,-0.0207,-0.2871,-0.1433,27.5825
0.7605,0.0057,-0.7933,-0.3009,27.5737
1.4575,-0.0031,0.4642,-0.097,27.579
0.2158,-0.0231,-0.5697,0.0031,27.5688
0.8646,-0.0019,-0.3033,-0.2418,27.5791
1.9639,0.0082,0.0433,-0.1302,27.5727
-0.4905,-0.0043,-0.5986,0.0318,27.5873
1.6087,-0.0143,-0.0223,-0.1553,27.5828
1.3222,-0.0089,-0.1224,-0.0643,27.5733
0.1778,0.028,-0.8956,-0.2301,27.5652
1.7223,-0.0061,0.4479,0.0034,27.5757
0.3741,-0.0355,-0.5151,-0.0448,27.5794
0.9041,-0.0009,-0.574,-0.321,27.5755
1.8012,0.0248,0.3455,-0.0976,27.5751
-0.2182,-0.0038,-0.6875,-0.0295,27.5712
1.3992,-0.0085,-0.0977,-0.233,27.5828
1.5778,0.0043,-0.0837,-0.0952,27.5808
0.0621,0.0243,-0.8845,-0.232,27.5837
1.846,-0.0033,0.3731,0.0194,27.5726
0.318,-0.0318,-0.3619,-0.0184,27.5757
1.008,0.0063,-0.6385,-0.3017,27.5756
1.8201,0.0365,0.2997,-0.0537,27.5947
-0.1766,-0.0095,-0.6095,-0.051,27.5705
1.523,-0.0129,-0.1077,-0.1332,27.573
1.409,-0.0002,-0.0162,-0.0547,27.5773
0.3912,0.0239,-0.9641,-0.3441,27.5734
1.7872,0.004,0.4086,0.0096,27.5669
0.2885,-0.0322,-0.4167,0.0725,27.5852
0.9463,-0.0035,-0.5178,-0.4128,27.5768
2.1221,0.0407,0.1424,-0.0134,27.5773
-0.3755,-0.013,-0.7362,-0.0415,27.5665
1.971,-0.0332,-0.0774,-0.2238,27.5761
0.8311,-0.0132,0.0144,0.0007,27.5825
0.8907,0.0108,-0.9593,-0.4017,27.5781
1.7263,0.0037,0.4843,0.0452,27.5705
0.2181,-0.0193,-0.5794,-0.0055,27.5745
0.9722,-0.0246,-0.3455,-0.2349,27.5731
2.2255,0.0174,0.1897,-0.1264,27.5778
-0.2348,0.0088,-0.9693,-0.1743,27.5808
2.1553,-0.0061,0.2211,0.0593,27.5805
0.3608,-0.0297,-0.2292,0.1367,27.5712
0.9541,0.0109,-0.7982,-0.3167,27.5811
2.1646,0.0095,0.4483,0.0223,27.5772
-0.1513,-0.0187,-0.7154,0.0236,27.5669
1.8279,-0.0277,-0.201,-0.212,27.5665
1.0343,0.0013,0.1437,0.1058,27.5687
0.822,0.0063,-1.0717,-0.4432,27.5714
1.8448,-0.003,0.4632,0.0696,27.5777
0.3199,-0.0075,-0.4783,0.0252,27.5815
1.105,-0.0082,-0.4328,-0.238,27.574
2.0651,0.0124,0.3025,-0.04,27.5832
0.1405,0.0084,-1.0439,-0.1838,27.5777
1.9989,-0.0214,0.3608,-0.1569,27.576
0.5452,-0.0146,-0.242,0.1875,27.5849
0.782,-0.0074,-0.7091,-0.2215,27.5821
2.5284,0.0214,0.3315,-0.0496,27.5863
-0.1331,0.0109,-0.9407,-0.1207,27.5797
2.0085,-0.0302,0.0256,-0.165,27.579
0.7263,-0.0135,0.0611,0.2158,27.5815
0.7775,0.0246,-0.9307,-0.405,27.5823
2.3632,-0.0008,0.4051,0.0375,27.5885
0.1032,0.0037,-0.7874,-0.0426,27.565
1.7328,-0.0128,-0.2033,-0.1967,27.5856
1.0463,-0.0241,0.3098,0.2177,27.5791
0.796,0.0353,-1.1018,-0.3776,27.5882
2.1805,0.009,0.2959,0.0507,27.5734
0.3851,-0.0076,-0.6429,-0.0295,27.5781
1.4633,0.0059,-0.3309,-0.3614,27.5784
1.3734,-0.0188,0.3891,0.1818,27.5827
0.7156,0.0426,-1.1621,-0.4018,27.5694
2.0878,0.0102,0.3702,0.086,27.571
0.5332,-0.0161,-0.5696,0.1311,27.5883
1.3743,0.0222,-0.405,-0.2965,27.5831
1.4678,-0.0309,0.3649,0.207,27.582
0.7261,0.0274,-1.1293,-0.3678,27.5889
2.0691,-0.0,0.2916,0.055,27.5766
0.6611,-0.0326,-0.5213,0.0229,27.5711
1.3582,0.0243,-0.5674,-0.2195,27.5745
1.3967,-0.0299,0.4242,0.2289,27.5791
0.8581,0.0166,-1.0049,-0.5052,27.5649
1.988,0.0017,0.1203,-0.0028,27.5768
0.7826,-0.0422,-0.3791,0.0959,27.5748
1.452,0.0277,-0.6256,-0.2337,27.5809
1.2504,-0.0258,0.4117,0.2204,27.573
0.9888,0.0156,-0.9528,-0.3285,27.5859
2.0316,0.0185,0.0869,0.0345,27.5786
0.7959,-0.0471,-0.3484,0.0707,27.5764
1.448,0.0143,-0.5145,-0.4135,27.5785
1.2493,-0.0427,0.3566,0.344,27.5739
0.8949,0.0202,-1.0137,-0.3741,27.5885
2.2375,0.0152,0.1537,0.0354,27.5728
0.7115,-0.0279,-0.5557,-0.0441,27.5741
1.4958,0.0267,-0.3451,-0.2307,27.5764
1.299,-0.0371,0.1718,0.3403,27.5815
0.8547,0.024,-0.7743,-0.4105,27.5733
2.2435,0.0273,0.0343,-0.062,27.5813
0.83,-0.026,-0.5715,-0.0284,27.5791
1.5307,0.0218,-0.2529,-0.1591,27.5839
1.2755,-0.0609,0.1154,0.2175,27.5791
1.0644,0.0403,-0.8106,-0.316,27.5828
1.8796,-0.0141,0.1876,0.0064,27.5808
1.2006,0.0016,-0.648,-0.1721,27.5837
1.4253,0.0443,-0.2691,-0.2922,27.5727
1.2892,-0.0714,-0.0245,0.3048,27.5752
1.3576,0.0387,-0.8051,-0.3398,27.5795
1.4035,-0.0149,0.3524,0.1977,27.5757
1.1606,0.0049,-0.7963,-0.316,27.5766
1.9798,0.05,-0.1036,0.0244,27.5834
0.955,-0.0812,-0.3324,0.1508,27.584
1.6153,0.0568,-0.4185,-0.3097,27.5817
1.2266,-0.0522,-0.0048,0.3308,27.5716
1.1703,0.0369,-0.5204,-0.2681,27.5788
1.9527,0.0657,-0.0246,-0.075,27.577
1.3313,-0.0647,-0.5438,-0.0217,27.5752
1.3126,0.0504,-0.3018,-0.2603,27.5878
1.446,-0.0919,0.1084,0.2768,27.5779
1.3885,0.0287,-0.8164,-0.3193,27.5821
1.4651,0.0159,0.2597,0.163,27.5789
1.2746,-0.0356,-0.7514,-0.3902,27.5854
1.9643,0.0991,-0.163,0.0656,27.5791
1.0565,-0.0898,-0.377,0.0903,27.5801
1.6415,0.0529,-0.4004,-0.2857,27.5809
1.2425,-0.0357,-0.0372,0.2505,27.5797
1.3861,-0.0188,-0.4745,-0.1919,27.5832
1.7229,0.0764,-0.1302,-0.0192,27.5866
1.5504,-0.0926,-0.4339,-0.0835,27.5782
1.3922,0.0783,-0.3943,-0.1584,27.571
1.4206,-0.1001,-0.069,0.3521,27.5754
1.6648,0.0059,-0.5734,-0.3232,27.586
1.1838,0.0316,0.1135,0.1894,27.5798
1.4089,-0.0472,-0.5794,-0.1852,27.5851
1.9946,0.0962,-0.0699,-0.1247,27.5846
1.409,-0.113,-0.6188,0.0822,27.5766
1.4424,0.0592,-0.1944,-0.1562,27.5769
1.3902,-0.066,-0.1725,0.3142,27.5714
1.7371,-0.032,-0.5869,-0.2622,27.5825
1.2397,0.0711,0.1158,0.0989,27.5799
1.4403,-0.0625,-0.566,-0.0692,27.5918
2.0797,0.105,-0.1646,-0.0772,27.5713
1.3628,-0.0932,-0.5455,0.0015,27.5828
1.5019,0.002,-0.2783,-0.1558,27.5791
1.3029,-0.0017,-0.1763,0.2705,27.5846
1.9051,-0.0387,-0.4362,-0.321,27.5694
1.1305,0.0971,-0.0828,0.1328,27.5715
1.6841,-0.0746,-0.4144,-0.0924,27.5824
1.9101,0.0622,-0.2875,-0.0862,27.5748
1.445,-0.0732,-0.4328,0.0543,27.5669
1.6135,-0.0126,-0.4339,-0.1981,27.5798
1.2924,-0.0059,-0.2646,0.2519,27.5745
1.9236,-0.0351,-0.2934,-0.4187,27.5756
1.1104,0.0716,-0.2206,0.1144,27.5636
1.7814,-0.0567,-0.3566,-0.0691,27.5724
1.8204,0.0419,-0.2144,-0.0199,27.586
1.5854,-0.0475,-0.4174,0.0117,27.5794
1.7113,-0.0002,-0.3479,-0.0449,27.5742
1.2937,-0.0136,-0.3017,0.2634,27.5762
1.9989,-0.0266,-0.3156,-0.2357,27.5709
1.0067,0.0539,-0.228,0.1186,27.5583
2.0105,-0.0421,-0.3787,-0.0332,27.5749
1.5221,0.0458,-0.185,-0.0519,27.5824
1.6911,-0.0337,-0.3603,-0.0887,27.5764
1.9024,0.0159,-0.3903,-0.2397,27.5769
1.3994,-0.032,-0.3689,0.103,27.5784
1.8242,0.011,-0.3074,-0.0498,27.579
1.145,0.0095,-0.2116,0.2744,27.5781
2.2412,-0.0182,-0.3764,-0.2585,27.5774
1.0574,0.0462,-0.2118,0.0696,27.5836
1.9556,-0.0373,-0.3477,-0.0623,27.5803
1.8757,0.0363,-0.2587,0.0391,27.5837
1.555,-0.0423,-0.4521,-0.0581,27.5738
1.8991,0.0259,-0.3377,0.0361,27.5747
1.3191,-0.0182,-0.3194,0.1069,27.582
1.9196,-0.0104,-0.2391,-0.2836,27.5702
1.171,0.0173,-0.2641,0.1294,27.5781
2.2566,-0.0347,-0.5077,-0.4088,27.5727
1.3908,0.0667,-0.1509,0.1654,27.5773
1.6961,-0.0485,-0.3649,-0.1813,27.5879
2.0884,0.0438,-0.2154,0.0448,27.5737
1.5757,-0.0511,-0.5958,0.1221,27.5701
1.7908,0.0108,-0.2795,-0.1555,27.5869
1.5765,-0.0088,-0.4194,0.2119,27.5825
1.8153,-0.0132,-0.3317,-0.1545,27.5832
1.3604,0.0515,-0.1869,0.2312,27.5864
2.2128,-0.0598,-0.4864,-0.172,27.5822
1.3128,0.081,-0.115,0.0123,27.5856
1.9322,-0.0715,-0.335,-0.0484,27.5725
1.8349,0.0511,-0.1133,-0.1322,27.5673
1.8075,-0.0291,-0.5357,-0.071,27.5809
1.8942,0.0305,-0.2558,-0.0026,27.5778
1.4727,-0.0238,-0.4989,0.1911,27.5822
1.9345,0.0023,-0.1784,-0.0981,27.5723
1.2541,0.0114,-0.3883,0.2345,27.5809
2.4623,-0.0398,-0.3341,-0.2549,27.5727
1.1366,0.0399,-0.2921,0.1821,27.5795
2.1791,-0.046,-0.2501,-0.1317,27.5838
1.6742,0.0499,-0.3127,-0.0642,27.5876
1.7614,-0.033,-0.3347,0.0029,27.586
2.0649,0.0335,-0.3009,-0.0414,27.5705
1.7702,-0.0235,-0.571,0.0519,27.5845
1.8354,0.0145,-0.2258,0.0431,27.5829
1.5417,-0.0008,-0.4531,0.1208,27.5781
2.0305,-0.0095,-0.21,-0.1524,27.5861
1.2597,0.0249,-0.3887,0.1349,27.5824
2.5793,-0.0444,-0.3153,-0.0772,27.5848
1.1084,0.0615,-0.3005,0.0176,27.5718
2.2636,-0.0452,-0.3376,-0.0496,27.5789
1.6541,0.0641,-0.2893,0.0197,27.5985
1.83,-0.0591,-0.3494,-0.0494,27.5824
2.1339,0.0343,-0.2037,-0.0028,27.583
1.7148,-0.0175,-0.506,0.0699,27.5745
2.0686,0.0034,-0.2506,-0.098,27.5788
1.5356,0.0062,-0.5466,0.0877,27.575
2.0617,-0.0066,-0.2263,-0.0536,27.5762
1.3829,0.0217,-0.4638,0.1342,27.5792
2.4414,-0.0292,-0.1561,-0.1422,27.5857
1.1657,0.0419,-0.344,0.1852,27.5716
2.6013,-0.0387,-0.3335,0.0821,27.5813
1.2163,0.0413,-0.3306,0.0625,27.576
2.2979,-0.0607,-0.3843,-0.0109,27.5822
1.8316,0.0348,-0.2263,-0.037,27.5788
1.732,-0.0319,-0.5842,0.0275,27.5727
2.3233,0.0507,-0.1745,-0.0666,27.5832
1.5273,-0.0466,-0.6385,0.0959,27.5816
2.2995,0.0269,-0.147,-0.0726,27.582
1.5642,0.0057,-0.5954,0.2953,27.577
2.1367,-0.0148,0.0732,-0.0963,27.5829
1.5712,0.0233,-0.8179,0.1944,27.5739
2.2905,-0.034,0.0214,-0.1476,27.5795
1.3079,0.0324,-0.5616,0.1643,27.5748
2.6938,-0.0493,-0.3084,-0.1622,27.5769
1.1619,0.0514,-0.2364,0.0937,27.5644
2.5455,-0.0672,-0.3848,0.0057,27.5882
1.4293,0.0743,-0.3417,0.1669,27.5729
2.1944,-0.0518,-0.4529,-0.0706,27.5811
2.0978,0.0644,-0.1042,-0.1072,27.5776
1.5274,-0.0543,-0.6462,-0.0351,27.5775
2.5274,0.036,-0.1039,0.0026,27.5781
1.5059,-0.048,-0.6009,-0.0038,27.5725
2.5055,0.0348,-0.0448,-0.1319,27.5714
1.5883,0.009,-0.7373,0.1919,27.579
2.2676,-0.0097,0.0056,0.0175,27.5783
1.6454,0.0219,-0.5954,0.1533,27.5813
2.0911,-0.0437,-0.1263,-0.2582,27.5857
1.8024,0.0431,-0.5696,0.0749,27.5743
2.2755,-0.0508,-0.1112,-0.0798,27.5831
1.4779,0.042,-0.509,0.084,27.5792
2.6784,-0.0836,-0.2807,-0.168,27.5796
1.3206,0.0782,-0.203,0.244,27.5698
2.6701,-0.07,-0.5408,-0.0563,27.5745
1.3089,0.0831,-0.1706,0.0609,27.5808
2.5697,-0.0814,-0.5475,-0.0018,27.5835
1.7178,0.0697,-0.1439,-0.0171,27.5877
1.939,-0.0443,-0.7041,0.0442,27.5831
2.3843,0.0621,0.0735,-0.1155,27.5779
1.5302,-0.0505,-0.6357,0.1626,27.5752
2.7507,0.0221,-0.1365,-0.0514,27.5779
1.3667,-0.0162,-0.7155,-0.1105,27.5867
2.8552,0.0313,-0.07,0.2087,27.5846
1.4181,-0.0121,-0.6669,0.0545,27.5889
2.4913,0.0013,-0.1237,-0.0963,27.5888
1.8416,-0.0162,-0.6421,0.1098,27.581
2.1449,-0.0405,-0.0773,-0.0435,27.5669
1.9338,0.0155,-0.749,0.2108,27.5846
1.8653,-0.0302,-0.0835,-0.1529,27.5795
2.2616,0.0407,-0.5766,0.122,27.5868
1.9925,-0.0543,-0.1344,0.0184,27.5801
1.8767,0.0591,-0.6037,0.0884,27.5881
2.3381,-0.0688,-0.2755,-0.065,27.5868
1.78,0.0627,-0.4527,0.1678,27.5777
2.6668,-0.09,-0.2651,0.0181,27.5796
1.2856,0.0729,-0.4911,0.1358,27.5795
3.0777,-0.0968,-0.3827,0.0005,27.5817
1.1893,0.0802,-0.1089,0.2444,27.5782
2.9982,-0.0795,-0.6094,-0.0696,27.5718
1.0804,0.1049,-0.1461,-0.0375,27.5836
3.0117,-0.0906,-0.7211,0.0946,27.5714
1.4982,0.0804,0.0291,0.1075,27.5848
2.558,-0.0783,-0.8015,0.0264,27.5886
1.6849,0.0799,-0.0145,-0.0302,27.5824
2.295,-0.0848,-0.8112,0.045,27.5827
2.3127,0.0839,0.1351,0.0399,27.5791
1.6846,-0.0532,-0.7639,0.0754,27.5848
2.639,0.0526,-0.0035,0.0147,27.5793
1.4404,-0.0448,-0.7665,0.0514,27.579
3.1779,0.068,-0.0244,0.0253,27.5801
1.1296,-0.0627,-0.7044,0.1693,27.5835
3.1772,0.0673,-0.1006,0.0354,27.5745
1.2127,-0.033,-0.642,0.0778,27.5876
3.158,0.0433,-0.0572,-0.0749,27.5689
1.3095,-0.0458,-0.7861,0.1468,27.5641
3.0626,0.0463,-0.138,0.0738,27.5729
1.3158,-0.0254,-0.6085,0.1091,27.5876
2.9019,0.0447,-0.1032,-0.0108,27.5781
1.6195,-0.0464,-0.7498,0.1678,27.5694
2.6039,0.024,0.1136,-0.0703,27.5786
1.8817,-0.0216,-0.7656,0.0388,27.577
2.0255,-0.0053,0.163,0.0107,27.5816
2.7552,0.006,-0.86,0.1015,27.5775
1.2723,-0.0033,0.2995,0.0728,27.5849
3.2,-0.0107,-1.0647,0.1123,27.5748
1.2597,-0.0296,0.2114,-0.1515,27.583
2.6541,0.0234,-0.8443,0.1405,27.581
3.2857,-0.0562,-0.1646,-0.1968,27.5826
0.7709,0.0408,-0.5256,0.3438,27.5805
3.8841,-0.0697,-0.4574,-0.1901,27.5819
0.9244,0.0583,-0.4053,0.3212,27.5722
3.014,-0.0715,-0.169,-0.0132,27.5854
1.4219,0.0753,-0.3175,0.1222,27.5732
2.9793,-0.1055,-0.4136,-0.1446,27.5734
1.1913,0.0836,-0.4725,0.1169,27.5817
3.5005,-0.1308,-0.4478,-0.0005,27.5831
0.809,0.1071,-0.2225,0.1722,27.5859
4.0992,-0.1314,-0.4932,-0.095,27.5852
0.3733,0.1242,-0.122,0.2925,27.5758
4.2333,-0.1511,-0.7278,-0.068,27.5784
0.3821,0.1476,-0.1112,0.2657,27.5698
3.8298,-0.1756,-0.5908,-0.1947,27.5862
0.7885,0.1289,-0.1085,0.1815,27.5787
3.8281,-0.1808,-0.5287,-0.1515,27.5756
0.5475,0.1546,-0.1943,0.0799,27.5743
3.9187,-0.1864,-0.5573,-0.094,27.5812
0.6432,0.156,-0.3396,0.1845,27.5785
3.873,-0.2004,-0.5096,-0.1002,27.5697
0.6483,0.1272,-0.3017,0.23,27.5722
4.4428,-0.1931,-0.634,-0.247,27.5777
-0.1319,0.1507,-0.1525,0.2199,27.5661
4.4275,-0.1855,-0.5224,-0.174,27.5795
0.3166,0.1219,-0.4017,0.3682,27.5791
3.5445,-0.2046,-0.1485,-0.0605,27.5794
1.7135,0.1109,-0.7127,0.0771,27.5706
2.5352,-0.1706,0.0767,-0.104,27.583
2.2543,0.0999,-1.0166,0.0978,27.5824
2.4649,-0.1758,-0.0625,0.087,27.5851
1.9186,0.0668,-0.9368,0.1179,27.5792
2.8354,-0.1205,0.04,0.1153,27.5723
1.7139,0.0558,-0.8567,0.1333,27.5817
2.9594,-0.1173,0.2888,0.1346,27.5846
1.842,0.0171,-0.9867,-0.0872,27.5846
2.8182,-0.1121,0.2987,0.2317,27.5751
2.3565,-0.006,-1.2328,-0.1059,27.5791
1.9497,-0.0669,0.5328,0.2383,27.5849
3.1721,-0.0699,-1.3971,-0.0046,27.5786
1.2134,0.0039,0.5455,0.2722,27.5761
3.8884,-0.113,-1.282,-0.1858,27.5878
0.7549,0.0328,0.4341,0.2264,27.5886
4.2273,-0.1527,-1.2221,-0.1854,27.5844
1.2595,0.0399,0.0358,0.2392,27.5815
2.8547,-0.24,-0.9108,0.1509,27.5861
2.6205,0.0946,-0.121,0.0041,27.5767
1.7224,-0.2817,-0.781,0.0104,27.5857
3.3681,0.1651,-0.1145,-0.0921,27.5817
1.7951,-0.2923,-0.6321,0.0678,27.5769
2.5192,0.1878,-0.4545,-0.075,27.5721
2.6377,-0.3789,-0.2985,0.0096,27.5789
1.6881,0.2377,-0.7098,0.0865,27.5763
3.4376,-0.3986,-0.3197,-0.027,27.5797
1.5414,0.2578,-0.3501,0.0699,27.5798
2.9053,-0.4226,-0.3215,-0.0261,27.5769
1.5329,0.2887,-0.4509,0.0384,27.5807
3.4305,-0.4352,-0.2533,-0.0314,27.5828
1.1114,0.2699,-0.6114,0.0003,27.5846
3.4748,-0.4049,-0.1532,0.1435,27.5797
1.4519,0.3007,-0.8971,0.0602,27.5846
2.9975,-0.3748,0.1706,0.1446,27.5723
2.362,0.2333,-1.1636,-0.0302,27.5755
2.5199,-0.3505,0.2327,0.204,27.5889
2.8505,0.1796,-1.2035,-0.0042,27.5809
1.2223,-0.2629,0.6228,0.2817,27.5794
4.2884,0.1138,-1.4665,-0.2796,27.577
1.0337,-0.1781,0.2466,0.3714,27.5802
4.4226,0.0009,-1.3189,-0.1631,27.5844
0.6046,-0.1234,-0.0697,0.2033,27.5711
3.9362,-0.0769,-0.7071,0.0085,27.5778
2.0705,0.0095,-0.3253,-0.0623,27.5791
1.9324,-0.1774,-0.5507,0.1241,27.59
3.7283,0.0859,-0.2166,-0.0993,27.5764
0.8428,-0.2517,-0.4521,0.05,27.5783
3.234,0.1614,-0.4573,-0.0881,27.5808
1.843,-0.32,0.022,0.2392,27.5742
2.9364,0.211,-1.1862,-0.2301,27.5801
2.0346,-0.3187,0.2693,0.3199,27.5779
3.0473,0.2211,-1.4344,-0.1174,27.5856
1.6078,-0.3136,0.4812,0.356,27.5712
3.7386,0.2025,-1.5595,-0.1807,27.5748
1.4593,-0.3107,0.1871,0.3902,27.5767
3.8738,0.1533,-1.3964,-0.3752,27.5811
2.208,-0.2209,-0.0814,0.4419,27.5741
2.6382,0.0659,-1.0451,-0.3234,27.5737
2.8906,-0.1344,0.1244,0.0771,27.5746
2.103,-0.0272,-0.9787,0.0603,27.5777
2.7172,-0.0648,-0.1668,0.2234,27.5852
2.3729,-0.0789,-0.503,0.0606,27.5842
2.0513,0.0715,-0.3189,-0.0188,27.5761
2.9012,-0.1825,-0.3055,0.0054,27.5739
1.7635,0.1238,-0.7851,0.0919,27.5834
2.9609,-0.22,-0.0066,0.0493,27.5794
2.6036,0.1595,-1.153,-0.1212,27.5801
2.2566,-0.2457,0.1534,0.1813,27.5701
3.4452,0.1739,-1.3098,-0.0813,27.5742
2.5542,-0.1916,-0.08,0.5407,27.5825
2.394,0.0859,-0.9543,-0.1905,27.5846
3.3295,-0.131,-0.18,0.3597,27.5781
2.1052,0.0174,-0.8511,-0.1102,27.5928
2.7914,-0.077,-0.2123,-0.0947,27.5795
2.2159,-0.095,-0.536,0.0827,27.5851
2.0639,0.0574,-0.4166,0.0149,27.5886
2.8962,-0.1437,-0.1622,-0.0519,27.5823
2.0281,0.1154,-0.841,-0.0932,27.5889
2.6823,-0.1862,0.0784,0.2597,27.5809
3.0293,0.1596,-1.3727,0.0141,27.5763
2.1863,-0.182,0.1577,0.2877,27.579
3.7516,0.1157,-1.416,-0.148,27.5846
2.5238,-0.1504,-0.194,0.3506,27.5705
2.5345,0.054,-0.862,-0.0432,27.5727
3.3375,-0.1018,-0.2837,0.1057,27.5719
1.4525,-0.0231,-0.4909,0.1161,27.5811
2.9519,0.0213,-0.3867,-0.0368,27.5831
2.2745,-0.1272,-0.2189,0.1649,27.5787
2.1633,0.1254,-0.7917,0.1375,27.5763
2.8394,-0.1409,-0.0509,0.1602,27.5741
2.864,0.1487,-1.1026,-0.1084,27.5806
2.3825,-0.1913,-0.0394,0.5656,27.5797
3.9385,0.144,-1.2723,-0.3365,27.5799
2.4399,-0.156,-0.1619,0.2282,27.5874
2.652,0.0448,-0.7669,0.1116,27.5772
2.2148,-0.0625,-0.4253,0.0698,27.5892
3.5024,-0.0239,-0.7117,-0.0507,27.5752
1.2635,0.0359,-0.2509,0.1151,27.5775
3.0717,-0.0833,-0.3488,0.0756,27.5824
2.2643,0.1037,-0.8326,0.1777,27.5849
2.881,-0.1149,-0.0731,0.0924,27.5763
3.3516,0.1091,-1.1804,-0.0299,27.5863
2.8008,-0.1217,-0.2522,0.4547,27.5816
2.9195,0.0429,-1.1068,-0.2149,27.586
3.0292,-0.0854,-0.2729,0.0516,27.5812
2.0528,-0.0168,-0.4568,0.0148,27.5806
2.1879,0.0327,-0.3593,-0.1303,27.5778
2.7657,-0.0625,-0.1873,0.0394,27.5856
2.2525,0.1132,-1.0219,0.1233,27.5863
2.8005,-0.0989,0.0224,0.2859,27.5765
3.7766,0.1063,-1.4165,-0.0084,27.5893
2.6222,-0.1401,-0.3359,0.3618,27.5791
2.8482,0.0473,-0.9893,-0.0582,27.5871
3.3818,-0.0504,-0.278,0.1751,27.5776
1.456,0.0013,-0.3863,0.112,27.5752
2.906,0.0265,-0.4019,0.0869,27.5825
1.9827,-0.1103,-0.2412,0.2109,27.573
3.5103,0.137,-1.1023,-0.0035,27.5759
1.7046,-0.0817,0.1494,0.318,27.5765
4.6402,0.1025,-1.5086,-0.1798,27.586
2.209,-0.0886,-0.1516,0.4023,27.5827
3.1531,0.0283,-0.9162,0.1154,27.5769
2.5056,-0.0248,-0.3742,0.0545,27.5892
2.2785,-0.0256,-0.3143,0.1114,27.5902
2.1911,0.0742,-0.5938,0.1037,27.5742
2.7554,-0.1126,-0.0573,0.1567,27.5829
3.439,0.1262,-1.2957,0.1078,27.5892
2.7167,-0.1124,-0.4777,0.2797,27.5769
3.2939,0.0898,-0.933,-0.1564,27.582
3.3447,-0.0461,-0.3348,-0.0191,27.5728
1.5919,0.0193,-0.3916,0.1886,27.5748
2.8776,0.0316,-0.388,-0.0924,27.586
2.1681,-0.0659,-0.151,0.3054,27.5708
3.1375,0.0951,-1.1904,-0.0342,27.5826
2.4253,-0.1147,-0.0032,0.3691,27.5697
4.4443,0.1273,-1.4345,-0.1436,27.5922
2.3799,-0.1036,-0.0329,0.3583,27.5736
2.8336,0.0308,-0.499,-0.1023,27.5835
2.2772,-0.0215,-0.1672,0.2899,27.5821
2.4988,-0.0248,-0.2177,0.2201,27.5798
2.7209,0.0713,-1.0343,0.0321,27.5829
2.4736,-0.1046,-0.0957,0.1981,27.5861
4.5847,0.1033,-1.4315,-0.0838,27.5925
2.2882,-0.1026,-0.1628,0.1739,27.5856
3.217,0.056,-0.6368,0.0218,27.5852
1.9398,-0.0136,-0.238,0.2472,27.5831
3.0058,-0.0085,-0.2632,0.1768,27.5739
1.8959,0.0627,-0.7626,0.3038,27.5777
3.4042,-0.0859,-0.2089,0.302,27.5792
4.1643,0.0886,-1.2894,0.06,27.5795
2.3306,-0.0832,-0.3028,0.0432,27.5827
3.0342,0.0486,-0.618,0.2197,27.5809
2.2967,-0.001,-0.1987,0.0708,27.5774
2.4033,-0.0257,-0.1185,0.2381,27.581
3.0459,0.0573,-1.0273,-0.008,27.5794
2.5441,-0.0763,-0.2146,0.3673,27.5786
4.612,0.1264,-1.289,0.0454,27.5914
2.5789,-0.0884,-0.2811,0.1208,27.5923
2.3867,0.0325,-0.4663,0.1745,27.5892
2.3032,-0.0385,-0.5244,0.1554,27.577
2.6087,-0.0281,-0.1615,0.5057,27.5773
3.6674,0.0855,-1.3368,0.1527,27.5852
2.9017,-0.0513,-0.4417,0.2901,27.5754
3.7126,0.0745,-1.082,-0.13,27.5791
2.1159,-0.0628,-0.2706,0.2199,27.5864
2.5502,0.0138,-0.2239,0.0618,27.5698
2.5134,0.0391,-0.8958,0.1981,27.5819
2.6301,-0.0738,0.1765,0.3374,27.5793
4.4801,0.0929,-1.5101,-0.2476,27.5845
2.704,-0.0765,-0.4407,0.1702,27.5821
3.1967,0.0462,-0.6509,-0.0101,27.5681
2.3931,-0.053,-0.279,0.0258,27.583
2.2062,0.0068,-0.0814,0.2019,27.5764
3.4788,0.0455,-1.2408,-0.0292,27.5818
3.2196,-0.0434,-0.4873,0.1408,27.5817
3.1511,0.0347,-0.7123,-0.0167,27.5786
3.5272,-0.0171,-0.2694,0.0262,27.5865
1.4091,0.0148,-0.277,0.116,27.5853
3.3321,0.0394,-0.5527,0.0107,27.5791
2.5172,-0.0787,-0.2083,0.4653,27.5687
4.0868,0.0757,-1.0841,-0.1736,27.5784
3.156,-0.0395,-0.428,0.2864,27.5828
2.5383,0.0471,-0.5607,-0.0715,27.5835
2.3877,-0.0148,-0.1153,0.2175,27.5772
2.352,-0.0387,-0.0706,0.3293,27.5815
3.9809,0.0541,-1.5304,-0.0811,27.5793
2.7123,-0.0375,-0.052,0.4523,27.5835
4.2019,0.0503,-1.083,-0.059,27.5789
1.8347,-0.03,-0.3433,0.0418,27.5824
2.4747,-0.0006,0.0903,0.3168,27.5764
3.3233,0.0447,-1.221,0.0789,27.5846
2.7417,-0.034,-0.1652,0.5374,27.5839
4.5612,0.0491,-1.1659,-0.1226,27.5838
2.338,0.0093,-0.1835,0.1503,27.575
2.7491,0.0119,-0.4074,0.291,27.5828
2.1112,0.0185,-0.677,0.2184,27.5805
3.4859,-0.0468,-0.2758,0.5186,27.5764
4.3313,0.0688,-1.1672,-0.127,27.5817
2.0231,-0.011,-0.6457,0.0818,27.5714
3.6007,-0.0082,-0.1894,0.1617,27.5829
1.592,0.0312,-0.4202,-0.0474,27.5841
3.0981,0.0041,-0.1668,0.6053,27.5789
4.7991,0.0596,-1.2847,-0.0314,27.5836
