7.844347,-0.341241,-4.181141,-2.343466,27.403216
-2.0815,0.0035,1.4304,0.2568,27.4408
-1.6293,0.0946,0.6523,0.4246,27.4418
7.4371,0.0462,-3.1873,-0.9552,27.4474
-3.5478,0.011,2.4009,-0.234,27.4336
-0.6699,-0.0415,0.0446,0.4363,27.4384
7.3653,0.0563,-2.2819,-0.6284,27.4494
-3.3133,-0.0864,1.1638,0.1541,27.4419
-0.1659,0.0289,0.172,0.5277,27.4393
4.3201,0.0682,-1.9252,-0.5516,27.446
-0.9179,0.0047,1.3827,0.2783,27.4421
-2.6185,0.0681,0.6538,0.2185,27.436
6.8654,0.0391,-3.1897,-0.4944,27.4504
-2.3001,-0.011,2.2338,-0.4408,27.434
-1.0807,-0.0511,0.3828,0.3511,27.4428
7.5629,0.0487,-2.3445,-0.3872,27.4408
-2.7978,-0.0642,0.7595,0.0782,27.4388
-1.7907,0.0181,0.6892,0.507,27.445
5.1111,0.0758,-2.2471,-0.2716,27.4447
0.0725,0.0344,1.2492,-0.2346,27.446
-3.1881,0.013,1.2451,0.4965,27.448
6.46,0.0436,-3.4712,-0.4094,27.449
-1.4113,-0.0111,2.0526,-0.4629,27.4406
-1.3889,-0.0525,0.5723,0.3143,27.4457
7.4775,0.0539,-2.7171,-0.3714,27.4366
-1.8782,-0.0801,0.8453,0.1068,27.4432
-3.5958,0.0471,1.2301,0.2591,27.4345
5.7601,0.0611,-2.5381,0.0772,27.446
1.0164,0.047,0.8072,-0.5916,27.4473
-3.5149,0.0244,1.5818,0.5536,27.4464
5.9899,0.0472,-3.4607,-0.0358,27.4479
-0.5135,-0.0042,1.9674,-0.6119,27.4518
-1.4165,-0.103,0.6498,0.3271,27.451
7.0805,0.081,-2.7217,-0.3608,27.4507
-1.2026,-0.0734,0.2021,0.009,27.4395
-4.541,0.0543,2.0586,0.1508,27.4504
5.7242,0.0759,-2.8462,0.2199,27.4432
2.0616,0.0301,0.8455,-0.8969,27.4487
-3.77,0.0048,1.7228,0.8474,27.442
5.7975,0.0331,-3.4089,0.1348,27.4417
0.3168,0.026,1.4932,-0.6495,27.4536
-1.8325,-0.0984,0.6542,0.2985,27.4392
6.8702,0.065,-2.5478,-0.1567,27.4463
-0.7833,-0.0596,0.2921,-0.0449,27.4542
-4.7069,0.0294,2.4006,0.1927,27.4408
5.0693,0.0915,-2.7012,0.3886,27.446
3.1766,0.0279,0.3834,-1.3106,27.449
-3.9032,0.0001,1.9327,0.9838,27.4399
4.9768,0.0081,-3.1105,0.38,27.4466
1.8316,0.0332,0.7424,-0.7203,27.4427
-2.5519,-0.1074,1.1025,0.4136,27.4452
6.1354,0.0779,-2.3671,-0.373,27.4516
0.2011,-0.0501,-0.0723,0.1274,27.4443
-4.6822,0.0526,2.5532,0.0714,27.4428
4.6957,0.0731,-2.5762,0.8017,27.4421
3.5866,0.0528,0.2575,-1.4903,27.447
-3.8949,-0.0102,1.8798,0.8256,27.4423
3.6567,0.0042,-2.6188,0.2865,27.4381
3.9904,0.0181,-0.0248,-0.8231,27.4564
-3.3411,-0.1279,1.3996,0.2594,27.4532
4.6773,0.0746,-2.0155,0.2466,27.446
1.7749,-0.0466,-0.7436,-0.3011,27.4523
-4.3782,0.0277,2.6584,0.3741,27.4478
3.9203,0.0925,-2.17,0.5732,27.4461
4.6334,0.0375,-0.5602,-1.6231,27.4529
-4.2883,-0.0092,2.4306,0.8946,27.4418
2.1928,0.0055,-2.3293,-0.1029,27.455
6.0807,0.0439,-0.5522,-0.49,27.4539
-3.9814,-0.1261,1.4371,0.0295,27.4489
3.62,0.057,-1.6409,0.7071,27.4352
2.8538,-0.0118,-0.8594,-0.447,27.4495
-3.6539,0.0034,1.9586,0.4045,27.4482
2.338,0.0749,-1.1954,0.6484,27.4489
6.276,0.0392,-1.4762,-1.5704,27.4561
-4.5354,-0.019,2.6289,0.7051,27.4551
1.0514,-0.0135,-1.4219,-0.0897,27.4451
7.6883,0.0572,-1.4744,-0.863,27.4504
-4.4688,-0.1397,1.8085,0.2293,27.4504
2.9225,0.0563,-1.2755,0.562,27.4511
3.4086,-0.0009,-1.2914,-0.3683,27.4532
-2.8882,0.0113,2.0354,0.5797,27.4448
0.8068,0.0437,-0.7756,0.1632,27.4488
7.3426,0.0419,-2.2299,-0.9292,27.452
-4.1498,-0.0163,2.6054,0.2769,27.4541
0.2707,-0.0169,-0.5003,0.0384,27.4485
8.1845,0.0638,-1.9317,-0.6791,27.4567
-4.0776,-0.1489,1.5018,0.2392,27.4417
2.1096,0.0533,-0.698,0.9497,27.442
3.9682,0.0242,-1.8318,-0.799,27.4573
-2.2076,0.0219,1.9335,0.5383,27.4359
-0.4689,0.0582,0.1849,0.27,27.4508
7.7388,0.0491,-2.9732,-0.9557,27.4505
-3.4979,-0.0185,2.5679,0.1119,27.4578
-0.2757,-0.0454,-0.1844,0.0911,27.4495
7.9421,0.0487,-2.2786,-0.6351,27.4429
-2.933,-0.1344,1.1497,0.2191,27.443
0.2856,0.0398,-0.1248,0.8183,27.4575
4.9654,0.0377,-1.7305,-0.5053,27.4504
-1.0068,0.0114,1.2506,0.267,27.4457
-1.776,0.032,1.0033,0.3,27.4475
7.283,0.0444,-3.5302,-0.6413,27.4546
-2.0425,-0.0187,2.4637,-0.3736,27.4564
-0.6679,-0.0564,0.4061,0.4575,27.4396
7.844,0.0781,-2.4208,-0.4784,27.4509
-2.0814,-0.1336,0.7781,0.2189,27.4521
-1.8665,0.0169,0.6984,0.4255,27.4413
5.8208,0.0651,-2.2564,-0.068,27.4451
0.6829,0.0316,0.9455,-0.2974,27.4464
-2.8687,0.0226,1.2963,0.5698,27.4334
6.8556,0.0585,-3.4312,-0.0722,27.4461
-0.8257,-0.0079,2.0907,-0.6945,27.4493
-1.0686,-0.0957,0.5249,0.3287,27.4442
7.7925,0.0669,-2.6986,-0.1996,27.4527
-1.4388,-0.1007,0.4705,0.0836,27.4458
-3.4716,0.0422,1.6132,0.4335,27.445
6.0388,0.0768,-2.7135,0.0754,27.4532
2.0615,0.0142,0.81,-0.6045,27.4552
-3.1681,-0.0097,1.6152,0.6507,27.4475
6.2763,0.0273,-3.4963,0.1227,27.4539
0.2997,-0.0065,1.7006,-0.5632,27.4523
-1.3218,-0.0984,0.6714,0.2798,27.4478
7.3725,0.1007,-2.7268,-0.0591,27.4471
-0.6471,-0.0831,0.4553,0.0427,27.4519
-4.4193,0.0209,2.0715,0.1025,27.4493
6.0417,0.0553,-2.6871,0.4804,27.4479
2.7871,0.0247,0.5841,-1.0811,27.4573
-3.2091,0.0096,1.7917,0.8768,27.4462
5.8605,0.0312,-3.3121,0.2956,27.4485
1.2422,0.0117,1.1143,-0.6968,27.4511
-1.646,-0.1218,0.9695,0.2948,27.4442
6.9139,0.0641,-2.6725,-0.0528,27.4605
0.0023,-0.0634,0.1495,0.0896,27.4494
-4.5957,0.0312,2.5365,0.3125,27.4528
5.5575,0.0655,-2.8871,0.419,27.4549
3.6287,0.0223,0.4357,-1.2435,27.4539
-3.5236,0.0001,1.9247,0.9118,27.45
5.1915,0.0096,-3.1713,0.5102,27.4501
2.5635,0.0147,0.7698,-0.5734,27.4511
-1.9984,-0.1204,1.0283,0.155,27.4493
6.0517,0.0726,-2.1817,0.014,27.4583
0.8283,-0.0628,-0.5025,-0.0393,27.4435
-4.2442,0.0139,2.5014,0.2766,27.4477
4.9165,0.0702,-2.454,0.7483,27.4536
4.2313,0.0327,-0.1575,-1.7136,27.4598
-3.7155,-0.0089,2.2027,0.9327,27.4493
4.1912,0.025,-2.7957,0.2434,27.4466
4.5013,0.0298,0.0981,-0.6159,27.4526
-2.9662,-0.1444,1.3469,0.1555,27.4579
5.1892,0.05,-2.0469,-0.0156,27.4549
1.8437,-0.0648,-0.5137,-0.057,27.4521
-3.7942,0.0093,2.3317,0.3144,27.4451
4.2363,0.0637,-2.0806,0.6677,27.4481
4.8767,0.048,-0.484,-1.4123,27.4642
-3.7206,-0.0143,2.0867,0.8403,27.4455
2.6606,-0.0064,-2.0723,0.0888,27.4554
6.5081,0.0301,-0.8019,-0.5817,27.4482
-3.5802,-0.1534,1.5301,0.2419,27.4557
4.224,0.0739,-1.5509,0.444,27.4499
3.1211,-0.0388,-1.2205,-0.3984,27.456
-3.6371,0.0076,2.5843,0.5508,27.4441
3.2642,0.0759,-1.8916,0.4914,27.4605
6.1336,0.0505,-0.9613,-1.4553,27.46
-3.9079,-0.0146,2.3038,0.7524,27.4449
1.443,-0.0046,-1.7061,-0.0117,27.4655
7.9376,0.0468,-1.188,-0.5818,27.4547
-3.8514,-0.1388,1.5421,0.1884,27.4505
3.3206,0.0703,-1.2482,0.7546,27.4469
3.8882,-0.0185,-1.2249,-0.3484,27.4543
-2.9264,-0.0023,1.8802,0.6261,27.4468
1.7053,0.0545,-0.832,0.4302,27.4462
7.42,0.0523,-2.1311,-1.2323,27.4557
-3.9204,-0.0177,2.6761,0.6013,27.4487
0.9774,-0.0197,-0.9619,0.0447,27.4581
8.3274,0.0416,-1.8791,-0.6764,27.458
-3.7593,-0.1377,1.697,0.3866,27.4534
3.0471,0.0491,-1.157,1.0202,27.4457
4.1527,0.0078,-1.4527,-0.719,27.4523
-2.1549,0.0012,1.72,0.6322,27.4504
0.1142,0.0536,-0.2382,0.2343,27.4512
8.4462,0.0588,-2.7612,-0.7229,27.459
-3.5729,-0.0134,2.4483,0.0526,27.4578
0.3449,-0.039,-0.3358,0.1768,27.4504
8.5088,0.0536,-2.186,-0.6808,27.4499
-3.1225,-0.1379,1.3039,0.2641,27.4526
1.841,0.0485,-0.4716,1.0399,27.4523
4.77,0.0156,-1.9756,-0.7402,27.4612
-1.0064,0.0161,1.7335,0.6243,27.4518
-0.9601,0.0359,0.6119,0.422,27.4646
7.8998,0.0612,-3.2534,-0.6071,27.4645
-2.3003,-0.0207,2.4571,-0.1315,27.4545
-0.1988,-0.0614,0.1643,0.3584,27.4557
8.3829,0.0616,-2.5126,-0.3312,27.458
-2.2252,-0.1346,1.1327,0.2086,27.4623
-0.1473,0.0435,0.1696,0.5577,27.4442
5.8668,0.0479,-2.1539,-0.2698,27.4532
0.2015,0.0161,1.0862,0.1124,27.4496
-1.9985,0.0082,1.1404,0.5594,27.4561
7.4011,0.0441,-3.645,-0.233,27.4586
-0.9632,0.0055,2.1444,-0.5135,27.4528
-0.6383,-0.0639,0.4903,0.3925,27.4549
8.3821,0.0794,-2.7795,-0.454,27.4572
-1.2338,-0.1084,0.7242,0.3298,27.4448
-2.6121,0.0256,1.1487,0.2779,27.4586
6.5875,0.0391,-2.588,0.1577,27.4498
1.7581,0.023,0.9214,-0.6261,27.4566
-2.5424,0.0174,1.5036,0.6008,27.4558
6.7824,0.0347,-3.6236,0.1055,27.4537
0.2591,-0.0089,1.8178,-0.5515,27.4565
-0.7907,-0.1035,0.5418,0.3704,27.4524
7.8725,0.0622,-2.5768,-0.0458,27.4592
-0.4283,-0.1017,0.1458,0.202,27.4532
-3.8538,0.0159,2.0163,0.162,27.4569
6.3613,0.0641,-2.7971,0.3575,27.4504
3.2696,0.0099,0.6454,-1.0665,27.4623
-2.8859,-0.0082,1.7232,0.9544,27.4506
6.3794,0.0287,-3.4093,0.2826,27.4548
1.6088,0.0234,1.2606,-0.644,27.4608
-1.4637,-0.1158,0.7619,0.3292,27.4575
7.2666,0.0791,-2.6613,-0.2212,27.4611
0.281,-0.0775,0.1861,0.0959,27.4504
-3.8964,0.0112,2.2652,0.2213,27.4523
5.6872,0.0635,-2.5826,0.6511,27.4534
4.2141,0.0355,0.0989,-1.2734,27.4654
-3.0497,-0.0067,1.9044,0.9909,27.4559
5.2161,0.0183,-3.1135,0.4906,27.464
3.6185,0.0202,0.2052,-0.6646,27.4644
-2.2638,-0.1364,1.1991,0.4166,27.4602
6.2753,0.0829,-2.2876,-0.0534,27.4572
1.4576,-0.0711,-0.4083,-0.1167,27.4529
-3.8587,0.026,2.7125,0.3579,27.4543
5.2238,0.0691,-2.6691,0.8161,27.4512
4.6093,0.0253,-0.0236,-1.5025,27.4686
-3.1678,0.0086,1.8856,0.8629,27.4463
4.1297,0.0112,-2.6484,0.2547,27.4563
5.3887,0.0174,-0.0972,-0.5294,27.454
-2.6973,-0.1403,1.2654,0.1804,27.4613
5.1173,0.0665,-1.9171,0.4533,27.4507
2.6566,-0.0294,-0.8418,-0.2457,27.4575
-3.5369,0.0185,2.4539,0.5093,27.457
4.4429,0.0678,-2.0919,0.8566,27.4608
5.6106,0.0382,-0.8422,-1.5875,27.4675
-3.5796,-0.0182,2.4518,1.107,27.4552
3.094,-0.0097,-2.2282,-0.0136,27.4626
6.9791,0.0353,-0.7484,-0.4273,27.4543
-3.2914,-0.144,1.6096,0.1957,27.4575
4.5348,0.0515,-1.9015,0.4933,27.462
3.3308,-0.0146,-0.7334,-0.2433,27.4592
-3.0322,0.0101,2.1176,0.3963,27.4647
3.3051,0.0692,-1.5165,0.4069,27.4611
6.7576,0.0413,-1.2487,-1.3216,27.4625
-3.6875,-0.019,2.3347,0.7575,27.4595
2.0786,-0.0017,-1.703,0.0485,27.4616
8.3914,0.0548,-1.3701,-0.6474,27.4561
-3.6662,-0.1372,1.6137,0.2145,27.4583
3.8705,0.0669,-1.3456,0.8163,27.4626
3.9369,-0.0245,-1.5438,-0.3943,27.452
-2.6061,0.0241,2.452,0.7252,27.4544
2.4317,0.0639,-1.2977,0.2372,27.4517
7.4924,0.0515,-1.8595,-0.8916,27.4579
-3.5082,-0.0263,2.5367,0.7547,27.4577
1.3766,-0.0402,-1.1293,0.0309,27.4625
8.8902,0.0428,-1.7944,-0.4074,27.458
-3.557,-0.1348,1.6047,0.1325,27.4644
3.3596,0.0612,-1.1457,0.9599,27.4481
4.4734,0.0049,-1.5986,-0.4377,27.464
-2.1007,0.0019,1.7806,0.7194,27.4549
1.1398,0.0512,-0.4819,0.4441,27.4541
8.508,0.0634,-2.6201,-1.2354,27.4637
-3.3883,-0.0075,2.6282,0.43,27.4499
0.9953,-0.0304,-0.5404,0.2388,27.4516
8.7634,0.0532,-2.0855,-0.7352,27.4601
-2.8773,-0.148,1.3478,0.5762,27.4487
2.7296,0.0411,-0.7846,0.9267,27.4518
4.8492,0.0248,-1.6944,-0.6442,27.4657
-1.2379,0.0117,1.5721,0.5557,27.4569
-0.244,0.0359,0.2472,0.3172,27.4532
8.8027,0.0526,-3.0022,-0.773,27.4573
-2.7374,-0.0334,2.4788,0.0334,27.4537
0.5379,-0.0538,0.0017,0.3772,27.4637
8.753,0.0592,-2.3964,-0.5396,27.4554
-2.1419,-0.1241,1.0505,0.3318,27.4505
1.2102,0.0525,-0.035,0.8522,27.4562
5.6876,0.0405,-2.1641,-0.5129,27.4666
0.0269,0.0068,1.3336,0.5733,27.454
-1.3304,0.0231,0.678,0.4746,27.4594
8.1302,0.0625,-3.4504,-0.5059,27.4552
-1.2939,-0.0184,2.3245,-0.2801,27.4643
-0.0299,-0.0671,0.2885,0.3935,27.4479
8.8267,0.0702,-2.4657,-0.4124,27.4664
-1.5025,-0.1246,0.7778,0.4477,27.4532
-0.7469,0.0314,0.6393,0.5859,27.461
6.6397,0.0629,-2.2636,-0.123,27.4677
1.3547,0.0367,0.8987,-0.0322,27.4618
-2.1618,0.0144,1.3629,0.6553,27.4622
7.5369,0.0496,-3.5218,-0.2641,27.4561
-0.0068,-0.017,2.0623,-0.4667,27.4723
-0.3857,-0.0889,0.5331,0.4917,27.4542
8.5419,0.0722,-2.8407,-0.0964,27.4599
-0.4315,-0.1147,0.5078,0.1239,27.4609
-2.913,0.0289,1.5248,0.383,27.4622
7.1148,0.0596,-2.6705,0.2636,27.4657
2.7888,0.0261,0.732,-0.6959,27.4561
-2.3754,0.0177,1.5157,0.7668,27.4536
6.8576,0.0325,-3.3875,0.2659,27.4609
1.185,0.0167,1.4199,-0.4722,27.4676
-0.5513,-0.1144,0.6364,0.3294,27.4646
7.9018,0.0635,-2.6272,-0.0571,27.4679
0.366,-0.1007,-0.0597,0.1702,27.4648
-3.609,0.0116,2.4088,0.2888,27.4544
6.5625,0.079,-2.9138,0.4679,27.4564
4.2133,0.0317,0.3126,-1.1789,27.4703
-2.8112,-0.0013,1.9523,0.9703,27.4576
6.3199,0.0332,-3.3398,0.3677,27.4659
2.7465,0.028,0.8256,-0.4633,27.463
-1.3892,-0.1256,0.8955,0.3605,27.4607
7.0704,0.0618,-2.4172,-0.0504,27.467
1.3231,-0.0573,-0.1257,0.0459,27.463
-3.3976,0.0178,2.2936,0.3087,27.46
5.6892,0.077,-2.3917,0.7304,27.459
4.9824,0.0397,-0.2592,-1.4249,27.471
-2.7898,-0.0149,2.1368,1.0075,27.4659
4.6584,0.0083,-2.8479,0.2839,27.4637
5.4872,0.0293,-0.1503,-0.5865,27.4599
-2.5771,-0.1535,1.2436,0.4909,27.4583
5.7491,0.0636,-2.0456,0.0965,27.4615
2.7626,-0.0382,-0.8454,-0.1118,27.4606
-3.0081,0.0294,2.5697,0.3546,27.4682
4.837,0.0662,-2.2014,0.5639,27.4695
5.8037,0.0493,-0.5958,-1.4391,27.4705
-2.9315,-0.0179,2.0328,0.8623,27.4594
3.1223,0.0017,-2.0312,0.2276,27.4592
7.5913,0.0358,-0.9337,-0.413,27.4727
-3.0822,-0.1386,1.5212,0.2678,27.4633
4.5527,0.07,-1.6102,0.6999,27.461
4.0562,-0.0355,-1.2931,-0.2771,27.4609
-2.8387,0.013,2.3355,0.5934,27.4643
3.6802,0.0762,-1.5566,0.5211,27.4525
7.2437,0.0542,-1.5633,-1.2661,27.4716
-3.2635,0.0016,2.5899,0.9383,27.4649
2.2643,-0.0211,-1.8014,0.0556,27.4631
8.6265,0.0393,-1.2625,-0.5964,27.468
-3.1699,-0.1385,1.507,0.2839,27.4628
3.8647,0.0511,-1.3553,0.8619,27.4623
4.4999,0.0016,-1.3426,-0.3799,27.473
-2.1538,0.0107,1.7856,0.5874,27.4646
2.3435,0.072,-0.9406,0.5552,27.4687
8.247,0.0539,-2.0905,-1.2307,27.4678
-3.184,-0.0273,2.6191,0.716,27.4641
1.8184,-0.0117,-1.1148,0.193,27.4688
9.1514,0.0643,-1.9412,-0.6139,27.4673
-3.1919,-0.1385,1.7301,0.5752,27.4665
3.7654,0.0484,-1.1142,1.0436,27.4575
4.5995,0.002,-1.5404,-0.5668,27.4691
-1.6479,0.0053,1.9468,0.7318,27.4629
1.3351,0.0544,-0.6672,0.2302,27.456
8.8882,0.0661,-2.326,-0.6853,27.4727
-3.0077,-0.0107,2.4996,0.4132,27.4636
1.3535,-0.0247,-0.6976,0.2208,27.4608
9.3163,0.061,-2.1779,-0.537,27.4689
-2.6983,-0.1332,1.3591,0.4157,27.4623
3.0974,0.0468,-0.6949,1.2689,27.4566
5.0965,0.0059,-1.767,-0.752,27.4619
-1.1509,-0.0,1.6697,0.6446,27.4663
0.5095,0.0266,0.0902,0.3223,27.4611
8.9149,0.0533,-3.1185,-0.7503,27.4689
-2.4013,-0.0235,2.5194,0.3123,27.4582
0.928,-0.0492,-0.1611,0.2797,27.4685
9.1011,0.0799,-2.3503,-0.486,27.468
-1.8885,-0.1274,1.1662,0.5035,27.4632
2.059,0.0714,-0.5072,0.7659,27.4592
5.7659,0.0409,-1.9115,-0.281,27.4666
-0.3132,0.0235,1.2912,0.3846,27.4683
-0.4628,0.0452,0.6646,0.5128,27.4588
8.6149,0.0625,-3.3944,-0.6038,27.462
-1.4937,-0.0292,2.387,-0.141,27.4695
0.6659,-0.078,0.1731,0.5164,27.4691
9.0648,0.0614,-2.4509,-0.4029,27.4698
-1.2172,-0.1225,0.738,0.3615,27.4642
0.4596,0.0438,0.3569,0.699,27.4648
6.5465,0.0611,-2.3064,-0.2051,27.4713
0.8633,0.0191,1.3079,0.1617,27.4675
-1.4335,0.0143,0.9332,0.5274,27.462
8.2494,0.059,-3.5651,-0.3351,27.4648
-0.3599,-0.0079,2.1674,-0.28,27.4614
0.2403,-0.063,0.2839,0.5508,27.4699
9.118,0.0724,-2.5202,-0.2282,27.4737
-0.6816,-0.1031,0.5662,0.2446,27.468
-1.3463,0.0376,1.0324,0.4767,27.4616
7.0245,0.0693,-2.4426,0.0956,27.4662
2.4744,0.0188,0.5596,-0.2368,27.4646
-1.993,-0.0042,1.5097,0.7679,27.4685
7.5853,0.0518,-3.633,0.0471,27.4635
0.9444,-0.0057,1.8253,-0.3736,27.4669
-0.2501,-0.0887,0.4574,0.5435,27.463
8.817,0.0778,-2.7176,-0.0941,27.4702
0.1141,-0.1117,0.4936,0.2129,27.4692
-2.8426,0.021,1.8443,0.1982,27.4576
7.3142,0.0601,-2.907,0.4556,27.4664
3.5547,0.0497,0.6726,-0.7365,27.4728
-2.0517,-0.0062,1.5252,0.8553,27.4605
6.9855,0.0193,-3.4914,0.5845,27.4697
2.0678,0.0084,1.1887,-0.6051,27.4608
-0.5104,-0.1065,0.7322,0.4006,27.4734
8.0835,0.0722,-2.6117,0.0514,27.4739
0.9483,-0.0815,0.0474,0.2376,27.4713
-3.3064,0.0225,2.2895,0.3743,27.4612
6.7537,0.0853,-2.9036,0.5351,27.4702
4.8521,0.0369,0.2994,-1.2673,27.4724
-2.5704,-0.0071,1.9561,1.0244,27.4648
6.1678,0.0183,-3.2702,0.4855,27.4711
3.8992,0.0201,0.5992,-0.5435,27.4709
-1.2948,-0.1305,0.9554,0.3004,27.4814
6.8335,0.0652,-2.1866,0.0537,27.4615
2.2549,-0.0562,-0.3115,0.2083,27.4693
-2.8849,0.0049,2.2309,0.2522,27.472
5.8302,0.0594,-2.4793,0.9,27.4584
5.5776,0.0413,-0.4879,-1.581,27.4774
-2.6964,-0.0209,2.1712,1.0908,27.4582
4.5143,0.0054,-2.6972,0.3684,27.467
6.5985,0.0254,-0.4114,-0.5713,27.4694
-2.4326,-0.138,1.463,0.304,27.4724
5.7095,0.055,-2.0907,0.4239,27.4785
3.5044,-0.0218,-0.8211,-0.1713,27.4695
-2.3944,0.0269,2.2272,0.45,27.4674
4.568,0.0799,-1.9715,0.6,27.4563
6.9977,0.0587,-0.9834,-1.1533,27.4756
-2.9175,0.0016,2.2258,0.8574,27.4656
2.9127,-0.0112,-1.8484,0.2659,27.471
8.7186,0.0352,-1.2098,-0.467,27.4738
-3.0462,-0.1526,1.4046,0.2774,27.472
4.5739,0.0666,-1.4744,0.7965,27.4671
4.6587,-0.022,-1.6472,-0.2847,27.4734
-1.9811,0.0186,2.2687,0.7557,27.4571
3.0796,0.0788,-1.2635,0.3083,27.4715
8.272,0.0634,-2.0291,-1.0795,27.4794
-2.7012,-0.0072,2.5616,0.8355,27.462
1.9956,-0.0181,-1.0708,0.1002,27.472
9.4673,0.0386,-1.8642,-0.4848,27.4751
-2.943,-0.148,1.417,0.3355,27.458
3.8943,0.0443,-1.2597,1.0187,27.465
5.1614,0.0061,-1.5743,-0.3709,27.4705
-1.3942,0.0113,1.5769,0.7088,27.4599
1.7402,0.0477,-0.3183,0.4378,27.4655
9.2577,0.0535,-2.7402,-0.8995,27.4748
-2.6584,-0.0129,2.5128,0.5534,27.4688
1.7208,-0.0234,-0.5556,0.3162,27.4663
9.392,0.0691,-2.2175,-0.6423,27.4691
-2.3254,-0.131,1.3682,0.5498,27.4783
3.3184,0.0372,-0.8387,0.9679,27.4609
5.4447,0.0231,-1.7209,-0.5857,27.4702
-0.6721,0.0107,1.6025,0.8023,27.4755
0.5465,0.0535,-0.0552,0.2769,27.4656
9.4818,0.0601,-3.0495,-0.6961,27.4717
-2.0721,-0.0084,2.5094,0.2809,27.4709
1.2914,-0.0562,-0.3264,0.4048,27.4721
9.4466,0.058,-2.2966,-0.4815,27.4721
-1.7832,-0.1292,1.1832,0.2758,27.4674
2.3376,0.056,-0.5456,1.0565,27.4654
5.9747,0.0445,-2.0202,-0.5678,27.4768
0.1989,0.0185,1.3515,0.6313,27.4724
-0.1938,0.0273,0.497,0.6906,27.462
8.9317,0.0457,-3.4123,-0.5791,27.4757
-1.0761,-0.026,2.2876,-0.0772,27.459
0.8739,-0.0607,0.0345,0.3549,27.4711
9.525,0.0654,-2.5987,-0.3474,27.4744
-1.1504,-0.1335,0.9187,0.5477,27.4648
0.8869,0.0349,0.1014,0.6449,27.4588
6.8999,0.0463,-2.212,-0.298,27.4734
0.8999,0.0211,1.1239,0.4448,27.459
-0.8797,0.008,0.8917,0.5362,27.466
8.5305,0.0543,-3.6011,-0.3827,27.4745
-0.1573,0.0026,2.2034,-0.3354,27.4761
0.6526,-0.0708,0.3669,0.5158,27.4615
9.5178,0.0772,-2.7019,-0.1891,27.4779
-0.4908,-0.1135,0.5267,0.4134,27.4646
-0.7754,0.0364,0.9171,0.6578,27.4687
7.4026,0.057,-2.5367,0.0235,27.4762
2.2109,0.0277,0.8987,-0.0701,27.4752
-1.6244,0.0169,1.2307,0.7863,27.4702
8.2386,0.0508,-3.7161,-0.024,27.4743
0.6132,0.0027,2.1041,-0.3107,27.4717
0.5646,-0.0972,0.3179,0.4804,27.4662
9.1583,0.0627,-2.7163,0.0586,27.4669
0.2092,-0.0961,0.3991,0.1831,27.475
-2.0434,0.0232,1.4138,0.4495,27.4696
7.4782,0.0565,-2.6032,0.3251,27.4714
3.503,0.0173,0.5396,-0.6628,27.4724
-1.8724,0.0064,1.6276,0.9957,27.4691
7.6402,0.0423,-3.6472,0.3704,27.4713
1.7964,-0.0012,1.5371,-0.5753,27.4659
0.0276,-0.104,0.6427,0.6196,27.4702
8.9052,0.0688,-2.8636,-0.1079,27.4671
0.7952,-0.0907,0.245,0.3582,27.4751
-2.8129,0.0254,1.905,0.2093,27.481
7.2543,0.0677,-2.9302,0.5724,27.4728
4.518,0.0432,0.4049,-0.7733,27.4726
-1.9261,-0.0005,1.6262,0.7549,27.4658
7.0033,0.0314,-3.318,0.5222,27.4713
3.1036,0.0175,0.6978,-0.4963,27.4727
-0.4106,-0.1269,0.8098,0.4634,27.4745
7.9829,0.0664,-2.588,0.0984,27.4686
1.735,-0.078,-0.3643,0.0914,27.464
-2.9143,0.0236,2.5086,0.4923,27.4641
6.7412,0.0794,-2.9295,0.7324,27.4774
5.3742,0.043,0.1762,-1.2268,27.4789
-2.3131,-0.0027,1.8635,1.0522,27.4674
5.9142,0.0059,-3.1087,0.4144,27.4692
5.2041,0.0198,0.2333,-0.5128,27.4742
-1.2986,-0.1414,1.0692,0.3027,27.4724
6.6409,0.0745,-2.1618,0.2743,27.4763
3.2204,-0.0402,-0.6605,-0.07,27.4682
-2.5325,0.0167,2.2289,0.5424,27.4724
5.7702,0.0777,-2.1555,0.8983,27.4668
6.2788,0.0399,-0.7502,-1.6095,27.4803
-2.5204,-0.0167,2.1683,1.1431,27.472
4.3027,0.0022,-2.4845,0.2711,27.4744
7.5974,0.0305,-0.7604,-0.4133,27.4682
-2.2581,-0.1394,1.5247,0.2709,27.4705
5.5453,0.0699,-1.815,0.4151,27.4702
4.3981,-0.0121,-0.9723,-0.1834,27.4734
-2.0114,0.0244,2.1878,0.668,27.4677
4.4514,0.0638,-1.7015,0.5372,27.4701
7.7899,0.0517,-1.321,-1.1939,27.4738
-2.763,-0.0249,2.2645,0.8887,27.464
2.8967,-0.0028,-1.6266,0.2578,27.4767
9.3856,0.0522,-1.5431,-0.4613,27.4787
-2.7225,-0.143,1.5645,0.5116,27.468
4.5734,0.0412,-1.3794,0.8354,27.4791
5.2346,-0.0063,-1.7245,-0.2915,27.4702
-1.3381,0.0098,2.1385,0.8682,27.4686
2.8548,0.0513,-0.8683,0.2942,27.472
8.9769,0.0674,-2.2939,-0.8583,27.4752
-2.362,-0.01,2.4446,0.6598,27.4778
2.0318,-0.0169,-0.8552,0.1015,27.4713
9.8623,0.0648,-2.1252,-0.43,27.4793
-2.3184,-0.1343,1.4415,0.4576,27.4683
3.859,0.0474,-0.9719,1.1225,27.4735
5.6766,-0.0012,-1.8636,-0.5233,27.4728
-0.6441,0.0014,1.5802,0.8172,27.4665
1.4138,0.0402,0.015,0.4401,27.4728
9.6192,0.05,-3.0598,-0.605,27.4796
-1.821,-0.0197,2.5164,0.2918,27.4745
1.5581,-0.0497,-0.3378,0.3053,27.4738
9.564,0.0657,-2.3317,-0.3948,27.4694
-1.4635,-0.1425,1.0312,0.4945,27.4578
2.67,0.0484,-0.3136,0.7844,27.4693
6.4594,0.0402,-2.0732,-0.3606,27.4753
0.3542,0.0188,1.3627,0.6486,27.4706
0.1544,0.0246,0.4419,0.4512,27.4709
9.2717,0.049,-3.3968,-0.4303,27.4771
-0.7742,-0.0163,2.2735,-0.0678,27.4774
1.2934,-0.0552,0.0012,0.5322,27.4785
9.5623,0.071,-2.4702,-0.3028,27.4684
-0.873,-0.1114,0.8081,0.493,27.4732
1.1778,0.0228,0.1301,0.7236,27.47
7.0601,0.0407,-2.3128,-0.1827,27.4742
1.4988,0.0102,1.2279,0.1283,27.4678
-0.7095,0.0044,1.0037,0.7443,27.4771
8.9133,0.0288,-3.6324,-0.2767,27.4764
0.1746,-0.0107,2.1589,-0.2958,27.4725
0.8286,-0.0842,0.2464,0.6085,27.4709
9.8096,0.0699,-2.6867,-0.2941,27.4815
-0.3783,-0.1012,0.7503,0.4944,27.4688
-0.3873,0.028,0.6568,0.5797,27.4765
7.6035,0.0515,-2.4974,0.0051,27.4793
2.5322,0.0412,0.7891,0.05,27.4695
-1.1501,0.0108,1.3082,0.6684,27.4757
8.3554,0.0425,-3.5608,0.1749,27.4706
1.1969,-0.0124,1.7619,-0.208,27.4767
0.6158,-0.0996,0.5287,0.607,27.4756
9.5946,0.0726,-2.891,-0.0583,27.4824
0.3758,-0.12,0.4162,0.2248,27.4719
-1.7955,0.0292,1.4896,0.4578,27.4758
7.9601,0.0728,-2.9083,0.1702,27.473
3.3978,0.0163,0.8614,-0.4182,27.4807
-1.4075,0.0014,1.378,0.8002,27.4759
8.0472,0.0399,-3.5813,0.3051,27.4823
1.8417,-0.0054,1.6955,-0.3186,27.4754
0.6165,-0.1112,0.421,0.3027,27.4781
9.1297,0.0559,-2.7475,0.1516,27.4758
1.0142,-0.0946,0.178,0.357,27.4813
-2.532,0.0291,1.9486,0.4021,27.4758
7.6652,0.0818,-2.9964,0.658,27.4763
4.5288,0.0385,0.4103,-1.0185,27.4873
-1.6742,0.0056,1.8011,1.078,27.4722
7.7332,0.0184,-3.5287,0.3347,27.4736
2.7405,0.0045,1.1992,-0.3675,27.4739
0.0791,-0.1025,0.7803,0.5451,27.4763
8.8587,0.077,-2.8504,-0.0643,27.4792
1.515,-0.0696,0.1425,0.3675,27.4677
-2.6576,0.0232,2.1225,0.237,27.48
7.1559,0.0642,-2.8843,0.7087,27.4747
5.369,0.0278,0.1553,-0.9793,27.4775
-1.8131,-0.0068,1.7852,1.0609,27.4676
6.7373,0.0174,-3.1808,0.5921,27.4729
4.4968,0.028,0.3318,-0.747,27.4819
-0.6271,-0.119,1.0535,0.4971,27.4703
7.8496,0.0706,-2.3532,0.1115,27.489
2.5648,-0.0591,-0.5851,0.0568,27.4752
-2.4232,0.0256,2.5506,0.513,27.4724
6.5408,0.0641,-2.7917,0.856,27.4698
5.9665,0.0326,-0.2142,-1.3557,27.485
-1.9336,-0.0102,1.834,1.0282,27.4749
5.3917,0.0129,-2.7896,0.4544,27.4702
6.6045,0.026,-0.2578,-0.0783,27.4805
-1.3664,-0.1391,1.1487,0.2935,27.4723
6.5181,0.0646,-1.994,0.5428,27.4797
4.0581,-0.0424,-0.8366,-0.1971,27.4735
-2.1651,0.0138,2.1561,0.7336,27.4749
5.6606,0.07,-2.0588,0.8983,27.4663
7.0443,0.0452,-0.9921,-1.3968,27.4821
-2.2546,-0.008,2.2021,1.1302,27.4685
3.9287,-0.0004,-2.3073,0.31,27.4792
8.6202,0.0295,-1.0079,-0.3408,27.4772
-2.0439,-0.1493,1.4998,0.2974,27.483
5.538,0.0674,-1.7489,0.6116,27.4763
5.1062,-0.0267,-1.1567,-0.1394,27.4781
-1.5345,0.0116,2.0603,0.674,27.4719
4.1414,0.0541,-1.4653,0.6754,27.4777
8.448,0.0447,-1.6752,-1.2024,27.4859
-2.3844,-0.0238,2.3535,0.8365,27.4795
2.9908,-0.0183,-1.4228,0.1709,27.4787
9.8719,0.0428,-1.5643,-0.5279,27.4784
-2.332,-0.1494,1.5335,0.5323,27.4766
4.7271,0.0484,-1.3692,0.9501,27.4738
5.5952,0.0014,-1.5611,-0.3211,27.483
-0.8184,0.0005,1.9816,0.9397,27.4689
2.7224,0.0387,-0.791,0.3768,27.477
9.5854,0.0387,-2.4849,-0.7674,27.4792
-2.1368,-0.0133,2.3959,0.5529,27.4697
2.219,-0.0292,-0.7519,0.2279,27.4801
10.155,0.0378,-2.2569,-0.3534,27.4795
-1.8609,-0.1277,1.3937,0.4246,27.475
4.0182,0.0607,-0.9129,1.0747,27.4754
6.0956,0.034,-1.889,-0.4118,27.4816
-0.0346,0.022,1.6251,0.7963,27.476
1.434,0.0307,0.1072,0.5055,27.4716
9.6498,0.0561,-3.2375,-0.687,27.4857
-1.1807,-0.0125,2.3501,0.2654,27.4691
1.6237,-0.0526,-0.0975,0.4375,27.4756
9.9548,0.0666,-2.5089,-0.5195,27.4799
-0.8838,-0.1359,0.9135,0.4196,27.4769
2.2163,0.0423,-0.1242,0.8199,27.473
7.1922,0.036,-2.1435,-0.3559,27.4844
1.0452,0.0082,1.1771,0.573,27.4695
0.233,0.0229,0.6667,0.6207,27.4703
9.2756,0.0551,-3.6009,-0.2217,27.4813
0.0308,-0.0089,2.2797,-0.2215,27.4734
1.2719,-0.0712,0.1107,0.4721,27.4842
9.9198,0.0826,-2.6106,-0.2353,27.4899
-0.1161,-0.1217,0.6299,0.5044,27.4777
0.1454,0.0387,0.6383,0.6295,27.4716
7.7737,0.0584,-2.4825,0.13,27.475
2.7894,-0.003,1.0215,-0.0366,27.4716
-0.9158,0.0041,1.1241,0.6393,27.477
8.8483,0.0561,-3.756,-0.0308,27.4802
1.2458,-0.0036,1.8868,-0.1974,27.4842
0.9257,-0.0816,0.3285,0.5768,27.4743
9.7777,0.0622,-2.9077,-0.1052,27.4703
0.528,-0.116,0.5559,0.4842,27.4701
-1.3715,0.0168,1.1916,0.4324,27.4776
8.0166,0.0572,-2.619,0.449,27.4729
3.8986,0.0266,0.4306,-0.3759,27.4771
-1.0915,-0.0013,1.3743,0.7906,27.4717
8.1905,0.0336,-3.6024,0.3308,27.4792
2.381,0.0169,1.417,-0.4207,27.4807
0.6233,-0.0851,0.5831,0.496,27.4756
9.456,0.0891,-2.8827,-0.0492,27.4803
1.1318,-0.0859,0.1748,0.375,27.4767
-2.2158,0.0284,1.9777,0.3233,27.4774
7.9486,0.069,-3.0441,0.4115,27.4699
4.6957,0.0266,0.6071,-0.805,27.4847
-1.2279,-0.0006,1.4869,0.8798,27.4792
7.9518,0.0291,-3.4438,0.6059,27.4789
3.017,0.0159,1.1198,-0.4455,27.4837
0.5115,-0.123,0.6373,0.4165,27.4779
8.8998,0.0654,-2.811,0.1272,27.4879
1.8116,-0.0795,0.0049,0.1413,27.4762
-2.5249,0.0293,2.0871,0.5024,27.4732
7.5033,0.0727,-2.9474,0.6193,27.4874
5.6388,0.0447,0.1726,-1.1062,27.4833
-1.6292,0.0066,1.8123,1.2129,27.4811
7.5353,0.0179,-3.3816,0.4586,27.4828
4.1159,0.0256,0.7053,-0.4954,27.4805
-0.056,-0.1166,0.6952,0.5394,27.4771
8.3655,0.0667,-2.4513,-0.0004,27.4821
2.5116,-0.0657,-0.3809,0.3029,27.4877
-2.2438,0.0339,2.2856,0.3341,27.4756
6.9069,0.0745,-2.757,0.9477,27.4814
6.0751,0.0345,-0.0868,-1.2899,27.4894
-1.6317,-0.0052,1.9489,1.1037,27.4793
6.4015,0.0085,-2.9518,0.5434,27.4801
5.9091,0.0282,-0.0671,-0.5164,27.4849
-0.7745,-0.1317,1.1639,0.5152,27.4814
7.4231,0.0628,-2.2992,0.2198,27.4857
3.5085,-0.0422,-0.8085,0.0772,27.4929
-1.9367,0.0308,2.5093,0.5072,27.4697
6.4051,0.0681,-2.5219,0.7612,27.483
6.6496,0.0385,-0.4524,-1.3726,27.4861
-1.8345,-0.0223,1.9404,1.0189,27.4732
5.0887,0.0043,-2.4723,0.3067,27.4864
