-16.077668,-0.292571,15.001608,1.073965,32.697655
0.1201,0.0376,-1.4494,0.8328,32.677
-0.9515,-0.0612,0.231,1.7751,32.6668
9.9879,0.1154,-0.5818,-1.0063,32.6784
5.7893,-0.0917,0.6947,-1.0907,32.6716
3.4636,-0.013,-1.6849,0.8681,32.6725
-2.8577,0.0191,0.3949,1.5509,32.6695
0.8785,-0.0699,0.125,0.6826,32.6681
11.9529,0.1469,-0.7516,-1.9485,32.681
6.348,-0.0971,-0.8845,0.1445,32.6722
0.4437,0.0485,-0.7523,0.8444,32.6664
-2.6395,-0.0088,0.8808,1.7041,32.6655
4.5601,-0.047,0.8685,-0.5696,32.6783
11.7144,0.0959,-2.307,-0.6797,32.679
3.6568,-0.0984,-1.0783,0.8828,32.6641
0.0108,0.043,-0.5455,0.8383,32.6682
0.7095,-0.031,1.2689,0.6524,32.6776
6.9441,-0.0367,0.2688,-1.3377,32.6753
8.302,0.0767,-2.7505,0.5739,32.671
-1.8275,-0.1111,-0.0207,1.703,32.6656
4.5294,0.1201,-0.9819,0.0414,32.6621
4.7799,-0.0765,1.61,-0.6671,32.6732
7.3825,-0.032,-1.1976,0.2916,32.6778
-0.6261,0.0713,-1.1337,0.7572,32.676
-0.2731,-0.0654,0.0873,1.4879,32.6649
9.8163,0.1102,-0.4402,-1.381,32.6867
6.634,-0.095,0.0069,-0.7058,32.6713
1.9442,0.0281,-0.9,0.8797,32.667
-3.0157,0.0039,0.786,1.7623,32.6702
3.0123,-0.0124,0.5336,-0.4346,32.6771
13.1096,0.1043,-1.7621,-1.6197,32.6814
3.4067,-0.118,-1.1153,1.0932,32.6637
-0.098,0.0359,-0.6578,0.8076,32.671
1.3852,-0.0062,1.0124,0.7675,32.6748
7.6197,-0.038,0.0168,-1.3631,32.6821
7.1254,0.08,-2.8093,0.823,32.6706
-3.7277,-0.1148,0.7239,1.5874,32.6672
7.9519,0.1043,-1.1518,0.1579,32.67
6.0859,-0.0466,1.3235,-1.3431,32.6757
5.0105,-0.0192,-2.0515,0.3734,32.6721
-3.3463,0.0324,0.9381,1.3868,32.6656
1.5392,-0.0439,0.1563,0.4889,32.6669
12.7773,0.115,-0.9581,-2.0338,32.6791
4.9093,-0.1151,-1.2182,1.0325,32.6627
-0.8834,0.0011,-0.1164,0.5235,32.6694
1.1901,-0.0238,0.5882,1.1581,32.6584
7.9994,0.004,0.0143,-1.3396,32.6756
7.3649,0.0913,-2.7693,0.6365,32.668
-4.2451,-0.0922,0.8038,1.3825,32.664
8.5611,0.1164,-1.1623,0.0038,32.6681
7.0446,-0.0581,0.9331,-1.4302,32.6721
3.4362,-0.0189,-1.5591,0.6796,32.6709
-3.8972,0.0164,0.6873,1.3554,32.6598
3.2675,-0.0562,0.7455,-0.1702,32.6717
13.3297,0.1289,-1.8474,-1.3969,32.676
2.58,-0.1287,-0.7749,1.013,32.6693
-0.663,0.0265,-0.8815,0.9906,32.6594
4.5202,-0.0035,1.2319,0.1467,32.6605
9.4351,-0.0089,-0.5807,-0.1981,32.6648
-0.573,0.0308,-1.7053,0.6325,32.6724
-0.9603,-0.0575,0.2984,1.3462,32.6632
10.8364,0.1075,-0.1174,-1.3568,32.6789
7.4297,-0.13,-0.6359,0.0784,32.661
-1.2059,0.0128,-0.2654,0.6373,32.6685
-0.7584,0.0015,0.4758,1.2043,32.6646
9.1892,-0.0328,0.3577,-1.7471,32.6715
8.1075,0.0828,-2.6584,1.0125,32.6638
-4.9859,-0.1226,0.4031,1.6247,32.6579
9.3456,0.1107,-1.2702,-0.5123,32.6593
7.5209,-0.094,0.7967,-1.0039,32.6771
1.4178,0.0455,-1.1798,1.1364,32.6634
-3.5842,0.061,0.7216,1.3637,32.661
7.8523,-0.0614,0.3152,-1.1665,32.67
10.4698,0.1081,-2.5227,-0.0927,32.6695
-1.7611,-0.1494,0.2197,1.5536,32.6528
4.8272,0.1283,-1.8866,0.6819,32.6578
7.6863,-0.1078,1.5404,-1.5672,32.6652
3.7687,0.048,-1.3654,1.0416,32.6633
-3.8693,0.0391,0.5043,1.0552,32.656
5.4153,-0.0751,0.6982,-0.5723,32.6577
12.7101,0.0951,-2.3141,-0.7658,32.6649
-1.2382,-0.1853,0.1504,0.916,32.6555
2.9426,0.1091,-1.8461,1.4093,32.6559
7.8901,-0.0674,1.5893,-1.1481,32.6644
5.0683,0.032,-1.6882,0.8643,32.6573
-4.7449,0.028,0.8355,1.1292,32.652
5.6682,-0.0694,0.2395,-0.1389,32.6557
12.6666,0.1334,-2.083,-0.9345,32.6755
-1.5171,-0.1826,0.026,0.8477,32.6552
3.4667,0.1077,-1.6105,0.823,32.657
8.652,-0.1036,1.4878,-1.2001,32.6625
3.642,0.001,-1.5749,1.087,32.6587
-4.5024,0.0249,0.7167,1.1112,32.6565
7.4091,-0.0452,0.1806,-0.4596,32.6628
11.8429,0.1193,-2.0604,-0.3616,32.6609
-3.44,-0.203,0.3486,0.9026,32.6529
6.2158,0.0921,-2.2625,1.2254,32.6489
8.9269,-0.0751,1.4712,-1.4949,32.6682
1.0805,-0.0042,-1.1096,0.9828,32.6525
-3.6205,0.0244,0.2842,1.2491,32.652
10.838,-0.0715,0.4586,-1.287,32.6688
8.3212,0.0833,-2.4573,0.6976,32.6579
-6.6494,-0.1786,0.7496,1.1272,32.6468
11.6537,0.1142,-2.1592,0.091,32.6565
8.6293,-0.0944,0.7318,-0.6922,32.6581
-3.5144,0.0287,-0.092,0.3427,32.6611
1.6804,-0.032,-0.4962,1.3832,32.6503
11.8657,-0.0686,0.5204,-1.4302,32.6671
1.045,0.0881,-1.8691,1.0079,32.6565
-2.9245,-0.118,-0.1839,1.0729,32.6508
13.7241,0.153,-0.3775,-1.3137,32.6664
5.5658,-0.1143,-0.9156,0.9165,32.6475
-3.7378,0.0133,-0.2109,-0.2136,32.6551
7.4576,-0.0513,0.0228,0.4709,32.6605
10.1447,-0.0268,-0.8769,0.6163,32.6584
-7.1463,0.0134,0.2033,-0.1877,32.651
5.1001,-0.1006,-0.0782,0.7888,32.6418
14.3921,0.1565,-1.4393,-0.5596,32.6547
-3.9447,-0.1621,0.121,0.491,32.6554
5.6428,0.0899,-2.3571,0.6977,32.6559
11.0191,-0.0807,1.4516,-0.846,32.6647
-1.5663,-0.0274,-0.5641,1.1659,32.6579
-1.6098,-0.0172,-0.444,0.525,32.652
12.983,-0.0322,0.3515,-1.0581,32.6617
2.161,0.1251,-1.4499,1.5361,32.6536
-4.1705,-0.1513,-0.2882,0.5061,32.6517
15.1092,0.1361,-0.5901,-1.1862,32.6551
4.1325,-0.1166,-0.5901,1.4671,32.6479
-3.5559,0.0205,-0.6199,-0.3739,32.6592
10.7592,-0.083,0.2263,-0.1696,32.6583
6.3972,-0.0022,-1.1464,1.0668,32.6593
-8.3544,0.0362,0.8633,-0.4841,32.6575
12.2066,-0.0596,-0.416,-0.1009,32.6558
9.7328,0.1356,-1.8203,1.1355,32.6588
-8.9083,-0.1577,0.5296,0.5153,32.6565
13.5348,0.1217,-2.215,-0.7711,32.6596
8.9497,-0.1223,0.711,1.3538,32.654
-6.1673,0.0106,0.0533,-0.6682,32.6521
7.7243,-0.0437,-1.267,0.3634,32.6487
11.2709,-0.003,-0.1406,1.0178,32.6531
-9.8003,0.0511,0.8415,-0.501,32.6588
9.7682,-0.0849,-1.0097,-0.3363,32.6546
12.2638,0.1763,-1.2346,1.1067,32.6555
-8.7247,-0.1874,0.8907,0.727,32.6544
12.455,0.1083,-3.0853,-1.1798,32.6575
9.5802,-0.0992,1.0305,1.2606,32.6484
-6.5924,0.022,0.0417,-0.5437,32.6587
8.1047,-0.0516,-1.447,0.0378,32.6497
10.9543,-0.0187,-0.182,1.1923,32.6513
-9.9394,0.0453,1.325,-0.1392,32.6544
11.4332,-0.0941,-1.664,-0.5756,32.6646
10.759,0.1615,-1.1295,1.7125,32.6479
-9.0622,-0.1568,0.8955,0.1592,32.6527
14.228,0.136,-2.5388,-1.1531,32.6558
7.5234,-0.1209,0.7182,2.1212,32.6455
-6.1324,-0.0002,-0.0741,-0.6157,32.6541
11.6785,-0.0637,-1.0216,-0.3447,32.6576
5.7209,-0.0196,-0.2849,1.7917,32.6558
-7.4255,0.0309,1.2927,-0.1521,32.6504
14.4708,-0.0546,-1.7569,-1.116,32.6521
3.3661,0.1267,-0.7064,2.4972,32.6431
-5.0475,-0.1851,0.3899,-0.2634,32.6531
17.2177,0.1648,-1.9134,-1.3803,32.662
-0.7118,-0.1642,0.9677,2.378,32.6505
1.8875,0.0498,-2.3629,-0.3933,32.6478
13.451,-0.0843,0.711,-0.8438,32.656
-4.0506,0.0027,0.0744,1.489,32.6438
2.485,-0.0087,-1.5767,-0.1806,32.6519
15.116,-0.0305,0.0121,0.3499,32.6567
-9.127,0.0939,0.8159,0.6599,32.6488
8.1364,-0.1203,-1.7783,-0.4256,32.6545
13.5749,0.1576,-1.0759,1.2511,32.6447
-10.045,-0.1945,1.223,0.2223,32.6533
14.376,0.1242,-2.841,-1.1843,32.6474
6.6853,-0.1562,0.8353,2.5531,32.6348
-5.6999,0.0403,-0.5233,-1.292,32.6637
14.1225,-0.0706,-0.53,-0.4267,32.6492
1.3019,-0.0155,0.1495,2.6177,32.6457
-3.0015,-0.0009,-0.922,-1.308,32.6504
16.9765,-0.0846,-0.0914,-0.0871,32.6505
-5.7911,0.1358,0.5116,1.7702,32.6407
3.6585,-0.1577,-2.1913,-1.0434,32.6441
15.5663,0.1735,-0.383,0.9474,32.6413
-10.2448,-0.1973,1.4176,0.674,32.6448
14.3891,0.1162,-3.7385,-1.7351,32.6522
6.3977,-0.1402,1.7267,2.9387,32.6413
-5.3474,0.0329,-1.0024,-1.6235,32.6555
15.0521,-0.1117,-0.6762,-0.3018,32.6416
-0.6156,-0.0196,0.9143,2.9954,32.6324
-0.1663,0.0055,-2.1374,-1.5145,32.6559
16.4372,-0.0759,0.2027,0.1215,32.6415
-10.3442,0.1136,1.5913,0.9634,32.6458
11.148,-0.131,-3.3907,-1.3826,32.6454
8.9332,0.1737,0.2745,3.0067,32.6426
-8.1358,-0.1914,1.3598,-0.9885,32.6399
17.6513,0.1312,-3.5867,-1.5878,32.6494
-1.4504,-0.1746,2.4898,3.9204,32.6322
3.8274,0.0627,-3.5998,-2.2726,32.6601
13.2316,-0.0896,0.7996,0.7235,32.6384
-7.3039,0.0029,1.2876,1.1803,32.6449
11.0497,-0.0136,-3.6929,-1.9841,32.6563
6.4395,-0.0409,2.0168,2.9146,32.6346
-5.9186,0.0966,0.1591,-1.0844,32.6528
16.9134,-0.1313,-2.4222,-0.8232,32.6468
-5.2272,0.1902,2.0116,3.4989,32.6272
5.1979,-0.1977,-2.9428,-2.3033,32.6468
13.0818,0.1642,-0.4704,1.5934,32.6452
-10.0507,-0.1713,2.595,0.7129,32.6355
17.6682,0.1533,-5.0997,-2.6999,32.6553
-0.7356,-0.1708,3.2463,4.5471,32.6144
3.8024,0.0737,-3.3991,-2.6887,32.65
13.0437,-0.1398,-0.0976,0.6405,32.6389
-7.5252,0.0063,2.0797,1.602,32.6366
12.3226,-0.0368,-4.2624,-2.2385,32.6463
4.1907,-0.0738,2.4361,3.5337,32.6356
-3.2773,0.1243,-0.6192,-1.3862,32.6421
17.3427,-0.1761,-2.2394,-0.5687,32.6436
-11.2066,0.227,3.1081,1.963,32.6356
13.8526,-0.2299,-4.044,-2.053,32.6489
4.3324,0.2297,0.3447,3.2053,32.6254
-3.7952,-0.2673,1.9001,-0.9303,32.6389
19.2111,0.2262,-4.7706,-1.4743,32.6511
-10.1044,-0.247,4.4747,3.7285,32.6289
14.6811,0.1988,-5.5176,-3.8979,32.6537
3.8908,-0.2274,2.4805,3.8976,32.627
-1.1801,0.0991,-1.1061,-0.8029,32.642
15.4041,-0.1675,-2.21,-1.2537,32.6447
-7.7766,0.0327,2.8677,2.9143,32.6283
12.2534,-0.0432,-4.3697,-2.847,32.6498
4.334,-0.1099,2.0667,3.1881,32.6221
-3.1434,0.0974,0.0725,-0.6744,32.6406
17.6587,-0.1818,-3.2134,-0.9254,32.6461
-12.2021,0.1802,4.8763,2.8786,32.6212
16.6662,-0.2252,-5.4173,-2.7411,32.654
0.4379,0.1991,1.52,3.8125,32.6277
0.5981,-0.2475,0.0338,-1.5407,32.6415
16.01,0.1805,-4.3869,-0.2358,32.6436
-11.7656,-0.2647,5.2171,2.5481,32.6232
19.7107,0.2036,-6.5265,-3.6063,32.6506
-4.0331,-0.2295,4.3901,4.9732,32.6168
8.4938,0.1265,-3.7879,-3.5416,32.65
9.0722,-0.1939,-0.6721,1.5674,32.6398
-5.5574,0.0511,1.8776,1.2643,32.63
17.3065,-0.0924,-3.7859,-2.2527,32.6486
-8.4092,-0.0712,3.6661,3.4074,32.63
12.7808,0.0467,-4.1263,-2.9883,32.6436
3.4347,-0.1784,1.5882,3.0795,32.6249
-1.1263,0.1881,-0.4107,-0.4504,32.6329
16.8569,-0.2251,-2.9994,-0.8485,32.6379
-12.0949,0.227,4.3618,2.3422,32.6235
19.8728,-0.2808,-5.4601,-2.8159,32.6436
-8.6471,0.2136,3.6919,3.6609,32.6229
11.4325,-0.3001,-3.0623,-2.2196,32.6495
5.6726,0.2449,-1.5577,2.174,32.6327
-3.5602,-0.312,2.8954,0.2474,32.6266
19.3273,0.2537,-6.0147,-1.5848,32.6457
-13.4693,-0.3185,6.2844,3.3868,32.6174
20.5103,0.2436,-6.4901,-4.0624,32.6551
-4.9997,-0.3187,3.9221,4.553,32.6168
10.6353,0.1864,-3.6213,-3.1767,32.6493
5.0087,-0.2461,0.0339,2.4367,32.6299
-0.7381,0.1013,0.398,0.2465,32.64
15.8709,-0.1445,-3.5396,-1.537,32.641
-10.8094,-0.073,3.8803,3.0569,32.6242
19.1626,0.029,-4.6386,-3.4755,32.6497
-7.0093,-0.1779,3.7439,3.6608,32.6242
11.4429,0.1195,-3.6279,-2.7127,32.6431
4.3598,-0.2152,0.5626,2.3986,32.6305
-0.4366,0.1674,0.0006,0.0689,32.6306
15.7132,-0.2679,-3.2761,-0.7229,32.6398
-11.0521,0.1883,3.8207,2.0903,32.6232
21.4941,-0.2969,-4.8879,-2.3981,32.645
-14.2889,0.2222,5.2277,2.9606,32.6228
19.8326,-0.2813,-5.0733,-3.1332,32.6473
-4.8631,0.2442,2.1856,3.6007,32.6165
9.1241,-0.3299,-1.1889,-1.4605,32.6312
5.5897,0.2878,-2.9169,1.9141,32.6313
-2.2101,-0.383,3.0659,0.2909,32.6292
17.5044,0.292,-5.8338,-1.3173,32.6417
-11.5696,-0.381,5.5315,2.7025,32.6142
22.671,0.2859,-6.3318,-3.1594,32.638
-14.9411,-0.3433,6.2565,3.6235,32.6141
21.3763,0.2241,-5.9662,-3.7226,32.6446
-5.6686,-0.2455,2.9803,3.8716,32.6132
12.2912,0.0798,-3.4003,-2.3918,32.6388
2.6719,-0.204,-0.0656,2.6371,32.6175
2.8516,-0.0249,-0.2359,-0.2515,32.6315
12.0204,-0.0987,-2.8444,-0.0745,32.6353
-6.5172,-0.0892,2.5132,1.9483,32.6139
18.9535,0.0331,-3.8671,-2.2188,32.6419
-12.7721,-0.2053,3.555,2.4504,32.623
21.3827,0.1189,-4.0775,-2.9975,32.6397
-10.9337,-0.2935,3.563,3.0543,32.6153
17.1899,0.14,-3.8331,-2.7017,32.64
-4.0489,-0.2667,2.1027,3.2502,32.6092
10.8791,0.1566,-2.7366,-1.853,32.6268
4.0181,-0.2993,0.0857,2.2578,32.6223
2.1378,0.1739,-0.8523,-0.1842,32.6183
12.0288,-0.3647,-1.8873,0.0872,32.6345
-6.4391,0.2277,1.5314,1.2579,32.6178
18.9592,-0.3506,-4.0023,-1.3755,32.6371
-12.133,0.2767,3.7617,2.1595,32.6127
22.4661,-0.3849,-4.6842,-2.1413,32.6373
-14.6839,0.2351,4.7935,2.5194,32.6118
23.1835,-0.3995,-5.1873,-2.5347,32.6389
-14.9012,0.3245,4.9332,2.4968,32.6081
22.2063,-0.4206,-5.478,-2.1747,32.6363
-11.6698,0.3016,3.9136,2.401,32.6136
18.8483,-0.4331,-4.2634,-1.6917,32.6317
-5.1799,0.3103,1.3558,2.578,32.6175
11.8119,-0.4517,-2.2241,-1.1461,32.6262
2.3827,0.2382,-0.9356,2.3375,32.63
4.4897,-0.4236,0.5279,-0.3515,32.6284
8.0116,0.2621,-3.2759,1.3637,32.6212
-1.0489,-0.3891,2.4847,-0.3245,32.6201
11.7372,0.1886,-4.9564,0.6638,32.6246
-4.1954,-0.3377,4.521,0.2747,32.623
16.202,0.163,-6.1354,-0.5529,32.6304
-8.7314,-0.3271,4.8901,1.144,32.6111
20.0947,0.1006,-6.1093,-1.2184,32.6355
-11.7892,-0.2559,5.664,1.9915,32.614
22.643,0.0577,-6.3612,-2.5098,32.6285
-14.0843,-0.2038,5.3261,2.7305,32.6034
23.5512,0.0037,-6.2299,-2.4819,32.6352
-14.3191,-0.1539,5.7109,3.1197,32.6068
23.0317,-0.0184,-6.6374,-2.7123,32.6297
-13.8043,-0.1189,5.9243,2.8561,32.6109
22.2603,-0.0828,-7.1193,-2.5134,32.6307
-12.5402,-0.0892,5.6204,3.1688,32.6185
21.482,-0.1031,-6.4904,-2.3428,32.6285
-11.1312,-0.0176,5.0556,2.6526,32.6147
20.1121,-0.1697,-6.4013,-2.052,32.6303
-9.8131,-0.0124,4.1407,2.6771,32.6096
19.2689,-0.1963,-5.4705,-2.0012,32.6269
-8.2751,0.0558,3.9488,2.8142,32.6249
17.7511,-0.273,-4.906,-2.0489,32.6274
-6.9118,0.0655,2.6037,2.7145,32.6128
16.5331,-0.2573,-4.1797,-1.8517,32.6279
-6.014,0.1232,2.833,2.642,32.6122
15.2247,-0.2903,-4.1357,-1.5979,32.628
-4.773,0.117,2.5165,2.6672,32.618
14.6212,-0.2826,-3.7422,-1.9679,32.6183
-4.811,0.1539,2.3489,2.1862,32.616
14.677,-0.3517,-4.0236,-1.7697,32.6191
-4.7905,0.1355,2.5781,2.5828,32.6097
14.7,-0.3636,-3.6421,-1.9464,32.6295
-5.544,0.1846,2.5568,2.3779,32.6149
15.5406,-0.3235,-4.0886,-1.9486,32.6236
-6.3747,0.1728,2.7249,2.4092,32.6181
16.4307,-0.3586,-4.2826,-1.5511,32.6266
-7.2339,0.1802,3.3103,2.3537,32.6183
17.0003,-0.3405,-4.659,-2.0158,32.6305
-8.5085,0.1626,3.8072,2.2503,32.6124
18.4663,-0.333,-5.3643,-1.7219,32.6238
-9.3556,0.1776,4.1104,2.3942,32.6154
19.6129,-0.3029,-5.3228,-1.7439,32.6303
-10.374,0.1772,4.6284,2.174,32.61
20.8116,-0.2934,-6.261,-1.7216,32.6285
-10.8337,0.1431,5.3917,2.6953,32.6068
21.0858,-0.2941,-6.6916,-2.0234,32.6192
-11.3058,0.1091,4.8482,2.7051,32.6184
21.8554,-0.2504,-6.6668,-2.233,32.625
-11.8429,0.0941,4.7584,2.8564,32.608
22.346,-0.2341,-6.2293,-1.9341,32.6291
-11.895,0.0744,4.3538,2.3234,32.6084
21.1741,-0.2253,-5.8474,-1.3643,32.629
-10.9129,0.0788,3.6886,2.0762,32.6076
19.4433,-0.1965,-5.2448,-0.75,32.617
-8.0579,0.0838,3.4738,1.4889,32.6129
16.3498,-0.1897,-5.0922,0.0991,32.6165
-4.2167,0.0529,3.3543,0.5514,32.6157
12.8779,-0.1709,-4.8527,0.6748,32.6213
-0.6888,0.045,2.879,-0.2981,32.6126
9.5339,-0.136,-3.7041,1.4344,32.6187
3.1885,0.0443,1.5301,-1.2086,32.6264
3.6271,-0.1341,-1.8262,1.4275,32.6212
9.4015,0.0012,-0.4533,-1.6051,32.619
-3.5844,-0.0881,0.9781,1.511,32.617
15.5971,0.016,-3.2648,-1.2018,32.612
-7.921,-0.0863,3.4847,1.5675,32.6188
19.3266,-0.0107,-5.4036,-1.49,32.6214
-9.6258,-0.0502,4.2233,2.0816,32.6078
20.1227,-0.031,-5.7634,-1.4468,32.6173
-9.6626,-0.0388,3.2804,1.8832,32.6105
20.5269,-0.0279,-4.9564,-1.1252,32.6151
-9.8139,-0.0369,2.5291,2.5008,32.6069
18.9885,-0.0567,-4.3512,-0.8313,32.6191
-6.5917,-0.0072,1.3962,1.7618,32.6043
13.5244,-0.0871,-2.4755,-0.4904,32.6167
0.9289,0.0273,0.1108,0.2791,32.6043
5.1927,-0.1062,-0.3853,1.0415,32.6158
7.5757,0.0632,-1.4503,-1.774,32.6163
-1.409,-0.1155,1.2071,2.3543,32.6023
13.336,0.0666,-2.8968,-1.9422,32.6192
-7.8288,-0.1453,3.0052,1.7798,32.6127
18.7999,0.1264,-5.3544,-1.0474,32.6177
-7.8193,-0.1675,3.6376,1.6213,32.6109
18.3176,0.16,-4.634,-0.7603,32.6218
-5.2565,-0.1699,2.0316,1.6782,32.6047
10.7803,0.146,-2.8469,0.0868,32.6172
4.317,-0.1727,-0.2945,-0.0995,32.6122
3.6718,0.1547,-0.4389,1.9214,32.6083
9.1268,-0.1743,-1.8872,-2.5209,32.6203
-5.9364,0.1657,3.012,1.7625,32.6064
17.5966,-0.1514,-5.1611,-1.417,32.6159
-9.2107,0.1294,4.9577,2.2322,32.6085
20.3203,-0.1261,-6.5297,-1.4364,32.6177
-8.5145,0.0881,3.3169,1.8861,32.6089
15.351,-0.1011,-4.7365,0.1164,32.612
-0.8573,0.0928,2.1451,0.2771,32.6074
8.4143,-0.0614,-3.0784,1.2624,32.6104
7.9909,0.0473,0.2327,-1.2041,32.6208
-3.8306,-0.0574,1.7219,0.8666,32.6197
17.2668,0.028,-4.3925,-1.0608,32.6103
-8.3021,-0.0042,3.5251,1.5276,32.6075
19.1674,0.0199,-4.9775,-0.8026,32.6153
-7.99,0.0041,2.1231,1.9197,32.5974
16.5887,-0.0193,-3.8158,-0.2863,32.6234
-1.6505,0.0167,0.4091,1.0647,32.6063
6.023,-0.0633,-0.5579,0.875,32.6183
8.9199,0.0898,-1.7783,-1.5441,32.6187
-4.9357,-0.0804,2.2361,1.5295,32.6042
17.055,0.0954,-4.488,-0.9346,32.6118
-6.625,-0.1255,3.5545,1.3214,32.603
15.5183,0.1478,-4.3003,0.0556,32.605
-0.0613,-0.1045,0.7256,0.6634,32.6064
6.1605,0.1583,-1.3041,1.4897,32.6071
8.8958,-0.1151,-1.686,-1.9307,32.6242
-6.3335,0.1462,3.4742,1.4106,32.6132
18.7302,-0.0936,-5.878,-1.1837,32.6104
-8.5898,0.0895,4.2082,2.0283,32.6107
15.6944,-0.0681,-5.0935,-0.4754,32.6178
-0.773,0.1053,1.9081,0.3111,32.6094
7.3745,-0.0414,-2.5182,1.4103,32.6097
10.8718,0.0348,-0.7223,-1.2681,32.6187
-5.8433,-0.0123,2.6584,0.9613,32.6179
17.9929,0.0397,-5.0025,-0.8179,32.6169
-7.092,0.0107,2.6031,1.7219,32.6068
16.2581,0.0326,-4.1129,-0.2078,32.6129
-1.443,0.0265,0.4692,1.0889,32.6065
5.1729,-0.0286,-0.3484,0.89,32.62
10.4662,0.0835,-2.0936,-1.4223,32.6161
-6.0823,-0.0309,2.7257,1.33,32.6082
17.4494,0.1292,-4.7009,-0.3075,32.613
-3.0197,-0.091,2.1441,0.8814,32.6056
8.7148,0.1386,-2.3213,1.2254,32.6078
7.8977,-0.0643,-1.3568,-1.4951,32.6123
-5.2363,0.1342,3.125,1.5735,32.603
18.2045,-0.0459,-5.6828,-1.0546,32.6142
-7.1376,0.1011,3.5994,1.6015,32.6064
13.4348,-0.0488,-4.232,0.7182,32.6133
4.0984,0.0581,0.8879,-0.6965,32.6116
0.1821,-0.0216,0.4583,0.7992,32.606
16.2255,0.0431,-3.8818,-0.8948,32.6133
-6.845,0.0235,2.9678,1.4695,32.6012
16.5229,0.0251,-4.4483,-0.0825,32.6136
-2.3397,0.031,0.8986,1.2865,32.6013
5.7039,-0.0122,-0.7153,1.0493,32.6105
10.4023,0.0734,-2.1612,-1.5909,32.6176
-5.1991,-0.0492,2.6725,1.1989,32.6039
15.0725,0.1429,-4.2226,0.0948,32.6142
1.5435,-0.0645,0.7453,0.1929,32.6121
3.2056,0.1541,-0.4131,1.4796,32.6086
12.1485,-0.065,-3.0323,-1.1355,32.6112
-6.338,0.1188,3.7529,1.4694,32.6047
14.6817,-0.0458,-4.6993,-0.114,32.6065
0.8622,0.0711,1.5622,-0.0404,32.6024
3.8092,-0.0105,-1.2383,0.8629,32.6089
14.6336,0.0197,-2.6931,-0.9819,32.6137
-5.7098,0.0102,2.6976,1.408,32.6028
15.7067,0.02,-4.3507,-0.2318,32.6056
-1.0552,0.0381,0.7806,1.2587,32.6031
3.7037,-0.0072,-0.3612,0.8012,32.6029
11.8578,0.1,-2.635,-1.031,32.6129
-3.9654,-0.0462,2.673,1.0721,32.5949
11.0037,0.138,-3.4015,0.819,32.6011
6.9123,-0.0619,-0.546,-1.1016,32.6091
-2.8766,0.1417,2.2575,1.3561,32.6053
16.0105,-0.0301,-4.8807,-0.353,32.6152
-4.2032,0.1012,2.5905,0.6447,32.6035
9.1927,-0.0125,-2.652,1.1004,32.6078
10.7487,0.0566,-0.7689,-1.0036,32.6075
-3.452,0.0183,1.8417,0.6109,32.6035
15.1036,0.0119,-4.2121,-0.0317,32.6068
-2.6391,0.0333,1.3308,1.0463,32.5962
6.122,-0.0212,-1.219,0.7997,32.6004
10.118,0.0899,-1.8223,-0.7715,32.6112
-2.7415,-0.0511,2.065,0.701,32.6068
10.3023,0.1361,-3.1264,0.9959,32.6025
7.2464,-0.0356,-0.4886,-1.1535,32.6157
-2.9206,0.1574,2.0969,1.2427,32.5956
14.3846,-0.0405,-4.4252,-0.0069,32.6062
-0.4636,0.0925,1.9514,0.272,32.6042
5.3567,-0.0312,-1.2601,0.7906,32.6071
13.6131,0.0472,-2.5661,-0.7689,32.6075
-4.0582,0.0102,2.1994,0.8597,32.601
12.2736,-0.0084,-3.585,0.2672,32.6063
3.6169,0.0435,-0.0882,0.4454,32.6035
-1.5379,-0.0617,1.3865,0.7504,32.6084
13.7212,0.0954,-3.5744,0.0741,32.5988
2.4644,-0.029,1.0855,-0.2334,32.6091
0.7827,0.1167,0.1866,1.1477,32.6078
14.0954,-0.0198,-3.8592,-0.3457,32.6035
-3.2139,0.0861,2.6523,0.6502,32.5932
8.2002,-0.0063,-2.3742,0.7176,32.5998
11.858,0.0727,-1.3248,-0.7094,32.6072
-2.634,0.0262,1.8039,0.628,32.5875
12.421,-0.0023,-3.7507,-0.0219,32.5998
2.3593,0.0623,0.1402,0.7569,32.5949
-0.4566,-0.0592,1.1083,0.4802,32.6006
12.922,0.1131,-3.328,0.1839,32.601
3.1091,-0.0373,0.9286,-0.3246,32.6022
0.2337,0.1122,0.5051,1.3042,32.6043
13.6184,-0.0041,-3.8983,-0.2497,32.604
-1.1905,0.0849,2.1948,0.267,32.5937
6.0304,0.0016,-1.2438,0.8014,32.5973
12.9322,0.0545,-2.4508,-0.7104,32.603
-2.6798,0.0314,1.7261,0.6969,32.5912
9.7437,0.0009,-2.7423,0.7465,32.5955
6.4174,0.0813,-0.5206,0.0748,32.5972
-0.7944,-0.0658,1.189,0.4907,32.5966
9.4494,0.1147,-2.5427,1.1179,32.6038
7.7386,-0.0292,-0.7889,-1.4906,32.6043
-1.765,0.1019,1.8632,1.3168,32.5964
10.8605,-0.0142,-3.279,0.9462,32.6012
6.5323,0.082,-0.0648,-0.9479,32.6022
0.9047,-0.0034,0.816,0.889,32.5998
12.7617,0.0617,-3.6667,-0.0858,32.5988
1.206,0.0484,0.3248,0.6984,32.6034
1.3767,-0.0205,0.5009,0.551,32.6058
11.7577,0.1173,-2.4065,-0.0014,32.5968
3.8187,-0.0433,0.2739,-0.2166,32.5981
0.0434,0.105,0.9044,1.2725,32.6024
12.0528,-0.013,-3.9213,-0.1105,32.6075
2.3632,0.0829,1.5966,-0.1925,32.6011
3.5195,-0.0251,0.1269,0.7868,32.5958
12.9497,0.0671,-3.4729,-0.3323,32.589
-0.0094,0.0312,1.0008,0.7471,32.5997
4.0485,-0.0048,-0.9287,0.6425,32.5988
10.9884,0.1318,-1.565,0.019,32.5972
2.5009,-0.0507,0.4374,0.0652,32.5966
0.8265,0.1186,0.3777,1.1531,32.5982
12.5342,-0.0219,-3.6737,-0.2511,32.6035
1.6013,0.0703,1.5153,-0.0811,32.595
3.7554,-0.0145,0.3584,1.0068,32.5942
13.2035,0.0502,-3.5953,-0.4632,32.6025
0.198,0.0187,0.9214,0.5537,32.5952
3.1647,0.0037,-0.6232,0.7694,32.597
11.3604,0.1383,-2.0365,-0.1295,32.6049
3.5491,-0.0239,0.4406,0.2212,32.5935
-0.3287,0.1356,0.9341,0.9846,32.5952
11.8605,-0.001,-3.8713,0.102,32.5948
4.5732,0.0591,0.9534,-0.3715,32.5945
1.9143,-0.048,0.941,1.1929,32.5928
12.6033,0.0308,-3.9665,-0.0773,32.596
2.827,0.0227,0.1456,0.3088,32.5945
-0.3829,0.0066,1.2263,0.4104,32.597
10.5291,0.1859,-2.3894,0.9642,32.5949
7.5597,-0.0341,-0.6146,-1.2532,32.5977
-2.11,0.1367,1.8518,1.3875,32.5891
10.3017,-0.0224,-3.1728,0.8982,32.5918
10.621,0.0473,-0.897,-0.8139,32.6028
-1.6447,-0.0725,1.5626,0.744,32.5902
8.3755,0.0449,-3.0409,0.5941,32.5972
8.2539,0.0715,-0.9466,0.0013,32.5914
0.276,-0.0511,1.4232,0.4969,32.5936
5.0855,0.1716,-0.8794,1.0412,32.5868
11.9992,-0.0359,-3.2784,-1.1123,32.5999
-0.685,0.0871,2.1928,0.2364,32.5882
4.8803,-0.0471,0.0043,1.0139,32.5953
13.2411,0.0344,-3.5232,-0.1944,32.5835
0.8451,-0.0753,0.9726,0.5811,32.5988
0.9178,-0.0307,0.0228,0.5277,32.5918
11.355,0.1364,-2.2292,0.965,32.5955
6.822,-0.0535,-0.5448,-1.0667,32.601
-1.6382,0.1453,1.8982,1.3416,32.5867
9.4665,-0.0497,-3.1594,0.6866,32.5913
11.9289,0.0474,-1.1448,-0.7563,32.592
-1.7983,-0.1322,1.7052,0.5592,32.597
6.2587,0.0146,-2.5326,0.9836,32.5968
10.1796,0.0472,-1.2419,0.0107,32.5947
2.9489,-0.0721,0.5126,0.254,32.5909
0.9986,0.1554,0.9813,0.9436,32.5903
10.3053,-0.0321,-4.1856,0.0751,32.5895
7.372,0.0568,0.793,-0.7433,32.6012
1.1503,-0.1008,1.2214,0.8412,32.591
8.1845,0.0323,-3.3853,0.5113,32.5932
7.0487,-0.0148,-0.349,-0.1726,32.5907
1.8812,-0.0312,0.9756,0.3508,32.5948
3.6052,0.1433,0.0229,1.1986,32.5884
11.0799,-0.031,-3.8567,-0.5181,32.5905
3.9397,0.0597,1.2599,-0.28,32.5921
3.0567,-0.0946,0.7856,1.1847,32.5826
10.3185,0.0242,-3.605,0.1146,32.5859
4.9191,-0.0888,-0.209,0.1095,32.5844
1.3842,-0.0001,1.0235,0.3014,32.5939
5.2919,0.1606,-0.6959,1.3497,32.5897
10.7621,-0.0277,-3.09,-0.6923,32.5976
2.8721,0.0456,1.3181,-0.2724,32.5903
3.628,-0.09,0.5216,1.1895,32.5812
10.518,-0.0046,-3.4723,0.0703,32.5923
4.9961,-0.0975,-0.2383,-0.0118,32.5899
1.3731,0.0009,0.8785,0.4168,32.5821
5.0548,0.1507,-0.439,1.4142,32.5847
10.2782,0.0091,-3.317,-0.5602,32.5835
4.6078,0.0445,1.0902,-0.3899,32.5961
2.799,-0.095,0.7117,1.2689,32.5898
9.1055,-0.0159,-3.2455,0.449,32.5939
6.2826,-0.0843,-0.3042,-0.1828,32.5881
2.6944,-0.001,0.5084,0.2314,32.5844
3.2573,0.1451,0.4153,1.4543,32.5781
9.5166,0.0063,-3.7604,-0.2046,32.5897
8.3117,0.0072,0.4725,-0.5987,32.5857
1.0631,-0.0999,1.0319,0.9643,32.5781
5.7078,-0.05,-2.7914,0.7432,32.5844
9.5941,-0.0474,-0.7885,-0.1066,32.5854
4.4364,-0.0104,0.2117,-0.0089,32.5761
0.4926,0.1567,1.0734,1.2685,32.583
7.8721,-0.0038,-3.2413,0.3125,32.5838
12.9911,-0.0214,-0.7913,-1.1181,32.5981
-0.8542,-0.1271,1.4159,0.557,32.5865
1.9553,-0.0419,-1.8577,0.884,32.5818
10.6768,0.0271,-1.0375,0.5984,32.5918
8.3286,-0.0132,-0.9833,-0.7599,32.5886
-1.1183,0.122,1.5534,1.0018,32.5721
6.257,-0.0397,-1.5616,0.7288,32.5811
13.5418,-0.0696,-2.3134,-0.5257,32.5838
2.6295,-0.1753,0.0176,0.3596,32.5849
0.7954,-0.0473,0.2171,0.2911,32.5822
6.3956,0.1309,-0.4093,1.7827,32.5723
10.0768,0.0145,-2.8827,-0.9555,32.5923
5.3788,0.0678,0.7565,-0.1811,32.5797
2.7085,-0.116,0.4563,1.2802,32.5781
5.9367,-0.0937,-2.3425,0.4183,32.5847
9.4722,-0.1026,-1.0913,-0.4607,32.5862
4.6717,-0.0158,0.0244,0.3296,32.5815
0.5671,0.1598,1.4518,1.4593,32.5779
6.38,-0.0195,-2.7922,-0.022,32.5826
14.6087,-0.0099,-1.5879,-0.7724,32.5795
0.3322,-0.1916,1.0205,0.8328,32.5775
0.5064,-0.0633,-0.8578,0.3235,32.579
9.4717,0.0576,-0.7788,1.6567,32.5715
9.4044,0.035,-2.1559,-1.2412,32.5844
3.1673,0.0845,0.8262,0.1518,32.5836
3.8146,-0.1075,-0.1131,1.3164,32.5733
6.7961,-0.094,-1.7903,0.3559,32.584
8.8671,-0.1222,-1.3745,-0.3393,32.5844
4.6319,-0.0015,-0.2935,0.2382,32.5847
0.9332,0.1454,1.7908,1.2564,32.5794
6.0722,-0.0026,-2.4946,-0.1601,32.5918
14.2242,-0.0327,-1.8586,-0.3266,32.5892
1.6887,-0.2217,0.3726,0.5063,32.5745
1.027,-0.083,-0.3837,-0.0223,32.5808
6.568,0.0668,0.3748,1.5328,32.5761
8.971,0.0499,-3.3809,-0.1638,32.5845
9.0503,0.084,0.0893,-0.5932,32.5776
0.8289,-0.1574,0.8022,0.6629,32.58
2.9507,-0.1187,-1.5528,0.6369,32.5732
9.579,-0.0717,-1.0551,0.6951,32.5768
8.3662,0.0161,-1.3775,-0.8468,32.5899
1.0083,0.1291,1.5844,0.843,32.5788
5.6302,-0.0665,-1.003,0.5186,32.5791
9.101,-0.073,-1.9111,0.5354,32.5828
6.2188,-0.1913,-1.2733,0.0573,32.5752
5.2423,-0.0627,-0.1756,-0.1506,32.5797
1.8787,0.126,1.68,1.2689,32.5745
5.6319,0.0197,-2.511,0.0761,32.5775
13.6102,0.0018,-1.9628,-0.0431,32.5838
2.4333,-0.2551,0.2337,0.1412,32.5811
2.747,-0.1057,-0.3176,0.1465,32.586
4.7172,0.072,0.9866,1.8817,32.5681
6.4855,0.0556,-3.5802,-0.161,32.5754
13.4236,0.0518,-0.6612,-0.8596,32.5831
1.2869,-0.2044,0.9557,0.7201,32.5674
0.6433,-0.1383,-0.9928,0.2928,32.5854
7.2527,-0.0214,-0.3408,1.7363,32.5744
8.7201,0.0356,-2.8492,-0.5654,32.583
9.5118,0.0892,0.3321,-0.7574,32.5812
1.3632,-0.1537,0.2762,1.0331,32.5708
1.1725,-0.1092,-0.9101,0.9128,32.5714
10.0176,-0.1024,-1.5845,0.844,32.5692
8.8645,0.0065,-1.1756,-1.0674,32.5755
4.6745,0.1125,0.6003,0.0788,32.5822
3.1773,-0.0812,-0.6907,1.2078,32.5687
4.585,-0.0933,-1.005,0.8468,32.5743
8.3395,-0.1544,-1.4312,-0.206,32.5731
9.1939,-0.0269,-1.0892,-0.5667,32.5766
1.5922,0.1056,1.0786,0.865,32.5767
4.4494,-0.0498,-1.2103,0.7331,32.5786
7.2583,-0.0815,-1.0284,0.9258,32.5729
7.6884,-0.1868,-1.5056,-0.5732,32.5808
7.956,-0.0483,-0.9437,-0.1465,32.5769
0.4512,0.1062,1.6221,1.1372,32.5819
5.4739,0.0076,-1.7459,0.1673,32.5682
8.5787,-0.0591,-1.0049,0.6932,32.5756
7.1372,-0.2021,-1.598,-0.4208,32.5757
7.2045,-0.0578,-0.9704,0.0107,32.5765
0.3817,0.0891,2.0052,1.3531,32.5688
5.8619,0.0317,-2.1602,-0.1355,32.5713
8.9753,-0.0622,-0.8621,0.8438,32.5684
6.9085,-0.197,-1.7098,-0.4683,32.5826
