20.998232,-0.315591,-7.663051,-6.921533,28.159564
0.0221,0.0126,0.5075,1.8338,28.2278
-0.3404,-0.0463,1.3024,0.5092,28.2344
11.4329,0.1149,-1.1157,-1.2221,28.2494
5.5146,-0.0911,-2.3403,0.5452,28.24
4.2704,0.0168,-0.9426,0.4221,28.2432
1.2105,-0.0106,1.3335,1.6983,28.2386
2.2196,-0.0287,1.3944,-1.3198,28.2399
9.6912,0.0837,-3.4339,0.8419,28.2354
1.0615,-0.119,-0.4923,0.51,28.2312
7.1058,0.0836,-1.2868,1.2161,28.2379
1.4023,-0.0232,1.8638,-0.867,28.2451
5.675,-0.0235,-0.5008,0.2772,28.2359
2.7967,0.0555,-1.6544,0.4914,28.2439
0.6786,-0.0582,-0.4582,2.3808,28.2277
9.8617,0.105,-0.6579,-0.6975,28.2523
4.0103,-0.0649,0.3354,-1.7904,28.2404
4.9344,-0.003,-1.7267,0.8137,28.2419
-0.0476,0.034,0.907,1.5913,28.2334
0.4827,-0.0422,0.3038,0.7546,28.2355
11.1426,0.1431,-1.0296,-2.0033,28.2557
5.6534,-0.1081,-2.3545,0.5078,28.2365
3.7677,0.0291,-0.3551,0.6887,28.2388
1.7068,-0.0249,0.8175,1.4869,28.236
3.5242,-0.0067,1.2578,-1.6583,28.2508
7.9068,0.0755,-3.5699,0.9386,28.24
-0.8555,-0.0939,0.2451,1.4887,28.2264
8.9787,0.0871,-0.985,0.4826,28.2299
3.2705,-0.0606,1.3522,-1.9597,28.2527
5.8916,-0.0059,-2.2695,0.9832,28.2323
-0.9864,0.0392,0.6327,0.9432,28.2401
1.4229,-0.0325,0.251,1.6967,28.2369
10.6905,0.1428,-0.6499,-2.2644,28.2486
6.2504,-0.0956,-2.4292,1.0358,28.2347
2.7103,0.0011,-0.1521,0.0759,28.2369
2.3793,-0.0214,1.0613,2.3183,28.2268
4.1559,-0.0005,1.1846,-1.844,28.2461
7.0652,0.0887,-4.0402,1.1631,28.2326
-0.7839,-0.0755,0.8382,1.3208,28.2353
8.9041,0.0752,-1.161,0.7118,28.2382
4.2369,-0.0426,1.0646,-2.1241,28.2518
4.7215,0.0046,-2.1384,1.1389,28.2395
-1.0379,0.0406,1.0658,1.2362,28.2331
3.2666,-0.044,0.517,0.8828,28.2294
10.7141,0.1458,-1.9773,-1.9979,28.2502
3.6124,-0.1253,-1.6009,1.122,28.2289
4.7629,0.0495,-1.0218,0.8011,28.2372
2.6834,-0.0405,1.4743,0.1653,28.2404
6.4722,0.0048,-0.3297,-0.2304,28.2415
-0.194,0.0316,-1.4736,0.418,28.2329
1.4452,-0.0536,0.7464,2.1435,28.2348
10.1073,0.1114,-0.9372,-2.2181,28.2485
6.9634,-0.1059,-1.8567,0.5815,28.2406
1.7335,0.0042,0.0626,0.5614,28.2332
2.5869,0.0276,0.1299,1.8889,28.2336
5.5788,-0.0052,1.3825,-1.6965,28.2487
5.293,0.0484,-3.9258,0.705,28.2349
-0.6303,-0.0729,0.9276,1.6855,28.2249
9.5155,0.1169,-1.3182,-0.1482,28.2401
5.444,-0.0799,0.1845,-1.6898,28.2471
2.4988,0.0091,-0.4794,0.8078,28.2334
1.2049,0.0256,0.2391,1.9558,28.2273
5.8859,-0.0229,1.1322,-1.2084,28.2437
9.006,0.1006,-4.368,0.3465,28.2416
-2.2247,-0.0989,1.6151,1.3455,28.2301
9.1557,0.1038,-1.6518,1.4482,28.2271
4.0302,-0.0404,0.6633,-2.4104,28.2523
4.1992,-0.002,-1.3322,1.071,28.2395
-0.2679,0.0175,0.7606,1.3089,28.2325
5.634,-0.024,0.8097,-0.0399,28.2426
10.4019,0.0999,-3.885,-0.2476,28.2361
-2.4048,-0.1167,0.9351,0.8042,28.2436
8.902,0.1044,-1.1166,1.7779,28.2278
4.0444,-0.0645,0.6829,-2.4776,28.2467
4.6139,-0.0266,-1.8017,1.0787,28.239
-0.4671,0.0026,0.955,1.153,28.2266
5.8442,-0.0048,0.5167,-0.1672,28.2414
10.4297,0.1206,-3.6494,0.2251,28.239
-3.3373,-0.1161,0.4901,0.6489,28.2322
9.353,0.1047,-0.9124,1.9427,28.2281
5.1826,-0.0259,1.061,-2.7377,28.2473
3.2185,-0.0439,-1.9034,1.1734,28.2388
1.12,0.0142,0.9159,1.3865,28.227
5.9918,-0.0432,0.6496,-0.7395,28.2466
8.7244,0.1163,-3.9558,1.0776,28.2307
-4.05,-0.1116,1.621,0.5047,28.2313
10.1276,0.1049,-1.8506,0.925,28.2289
7.0106,-0.0755,0.2527,-1.8949,28.2484
0.5201,0.0104,-0.8753,0.3864,28.2402
4.0524,-0.025,0.2572,2.6356,28.2199
6.2982,-0.056,0.9014,-2.2129,28.2508
3.5306,0.1089,-3.7114,1.7144,28.2305
-1.6072,-0.1052,2.1531,1.3094,28.2167
10.7416,0.1161,-1.4409,-1.2004,28.2419
7.7989,-0.0659,-2.0255,0.9924,28.2294
0.6142,-0.0132,0.0307,-0.6673,28.2326
4.6065,-0.0609,0.0648,1.9045,28.2256
7.8654,-0.0213,-0.0775,-0.8656,28.2395
-2.6401,0.041,-0.8264,0.5251,28.2364
3.1382,-0.0727,0.442,2.0049,28.2307
11.5802,0.1283,-0.9905,-2.6242,28.2586
1.6885,-0.1097,-2.1131,1.8301,28.2323
5.8393,0.051,-0.0381,0.8938,28.2266
4.9695,-0.0838,0.6064,-1.77,28.2404
5.1487,-0.0142,-1.9316,1.6118,28.2267
-1.1857,0.053,1.4657,0.1806,28.2379
7.4935,-0.0438,0.2125,-0.0452,28.2326
7.5977,0.1041,-4.0727,1.01,28.2329
-4.1334,-0.1059,2.4425,0.5602,28.2321
10.8928,0.0976,-2.2016,0.162,28.234
7.878,-0.0787,-1.2386,-0.4921,28.2415
0.5332,0.022,0.8603,0.0281,28.2394
4.3709,-0.0535,-0.5587,1.5511,28.2304
8.3507,-0.0186,-0.4544,-0.9676,28.242
-3.0613,0.0717,-0.0161,0.6992,28.2355
3.7366,-0.1149,-0.1043,1.9923,28.2185
13.0785,0.1278,-1.4981,-2.0228,28.2537
-2.197,-0.1206,-0.8299,1.734,28.2295
8.1506,0.0695,-0.6787,1.3956,28.2337
6.1263,-0.0849,0.7031,-2.5506,28.2529
1.8779,0.0092,-1.4824,1.5107,28.231
3.5293,0.0124,0.6694,1.445,28.2243
7.2809,-0.0144,0.2266,-1.5277,28.2399
1.0407,0.0764,-3.0352,1.6505,28.2347
0.7481,-0.106,2.1525,1.0713,28.2277
11.9354,0.1234,-1.1364,-2.0931,28.247
1.8303,-0.1194,-2.3385,2.3265,28.2306
5.6999,0.0654,0.3278,0.5333,28.2314
6.14,-0.0479,0.5956,-2.1126,28.2462
3.0127,-0.0347,-2.2344,1.9475,28.2227
2.2573,0.0309,1.0876,0.7913,28.2343
7.7982,-0.053,0.4196,-1.3184,28.2437
0.9171,0.1069,-3.5049,1.5735,28.2254
1.0503,-0.1101,2.2827,0.9858,28.2308
11.9371,0.1405,-1.3174,-1.938,28.2428
1.4388,-0.1238,-2.1699,2.3967,28.2215
6.1808,0.095,0.2244,0.386,28.2286
6.0216,-0.0636,0.3516,-1.9811,28.2466
2.8557,-0.0266,-1.9253,1.7709,28.2242
3.1251,0.0098,0.5445,0.9721,28.2329
8.1387,-0.0398,0.4113,-1.324,28.24
-1.2605,0.0867,-2.479,1.5183,28.2252
3.2429,-0.0963,1.0141,1.1255,28.2342
12.859,0.1275,-1.4602,-1.8293,28.2447
-2.6586,-0.131,-0.9744,2.0765,28.2276
8.0911,0.1104,-0.5867,0.6474,28.232
7.7743,-0.1098,-0.2066,-1.7216,28.2438
0.7555,-0.0061,-0.6947,1.3812,28.2315
4.984,-0.0135,-0.1209,1.1662,28.2327
8.4076,-0.0239,-0.8723,-1.1104,28.2442
-4.6686,0.0458,0.7584,0.4566,28.2413
8.502,-0.0733,-0.3764,1.2984,28.2314
9.006,0.1171,-3.1215,-0.3372,28.2372
-5.7312,-0.1082,2.4688,0.5379,28.2322
12.0101,0.1087,-1.7588,-0.1644,28.2389
6.3708,-0.1144,-2.0224,1.2009,28.2291
2.5207,0.003,0.5099,-0.0239,28.2274
6.1966,-0.0407,0.3707,-1.1362,28.2474
3.7962,-0.0373,-2.1667,1.6019,28.2327
2.7235,0.0533,0.9199,0.7615,28.2306
8.6008,-0.0582,0.5945,-0.9836,28.2429
-2.1856,0.1446,-2.805,1.274,28.2297
4.8655,-0.0991,1.3879,1.3046,28.2266
12.4237,0.1582,-2.4502,-1.3083,28.2457
-5.3171,-0.156,0.1167,1.2981,28.2321
9.969,0.1324,-0.586,0.2601,28.239
7.874,-0.1149,-1.7658,0.2565,28.2386
1.0916,0.008,0.3001,0.3542,28.228
6.4547,-0.0481,0.2724,-0.3224,28.248
3.8798,-0.0327,-1.6923,1.1045,28.2307
2.7771,0.0498,0.8757,0.7904,28.2336
8.2711,-0.0602,0.3965,-0.8235,28.246
-1.9263,0.0966,-2.7112,1.3309,28.2379
5.8347,-0.1136,0.7898,1.2114,28.2346
11.3441,0.1614,-2.0228,-0.8977,28.2437
-5.8253,-0.1402,0.8223,0.7787,28.2299
11.1371,0.1316,-0.961,0.3123,28.2395
5.9685,-0.1057,-1.2911,1.0577,28.2378
3.6187,0.0131,-0.2424,0.05,28.2356
6.4248,-0.0623,0.8131,-0.9507,28.2504
2.1451,0.0023,-2.2839,1.2914,28.2289
4.9547,0.0507,0.239,0.9278,28.2328
8.4118,-0.0633,0.105,-0.6278,28.2444
-4.4596,0.0924,-0.6559,0.3633,28.2458
10.022,-0.0816,0.2005,0.4587,28.2381
4.045,0.1364,-2.825,0.6717,28.2317
-0.2909,-0.1618,1.6618,0.7013,28.2319
12.8887,0.1611,-1.2795,-0.7732,28.2407
-2.7574,-0.1774,-1.3486,1.666,28.2292
8.9045,0.1018,-0.8214,0.1059,28.2336
8.5696,-0.1324,-0.652,0.0989,28.2338
0.3038,-0.0032,-0.4484,0.1035,28.2379
7.3343,-0.0625,0.5882,-0.6053,28.2365
2.4138,-0.0074,-1.5481,1.3918,28.2352
4.7707,0.0568,-0.035,0.4604,28.2304
8.5692,-0.1057,0.4227,-0.5063,28.2404
-4.8279,0.1086,-1.0213,0.4309,28.2369
10.791,-0.1215,-0.2193,0.5641,28.2344
3.1174,0.1574,-2.3277,0.9899,28.2359
0.9574,-0.1273,1.3948,0.4751,28.2308
13.1801,0.167,-1.6736,-0.6439,28.2411
-5.036,-0.1573,-0.0449,1.2726,28.2308
10.6912,0.0879,-1.5375,-0.2455,28.2345
6.2806,-0.149,-0.863,1.3615,28.2312
3.0948,0.0006,0.0371,-0.3358,28.2311
7.5274,-0.0803,0.4153,-0.9522,28.2392
0.7558,-0.0433,-1.6099,1.6289,28.2253
6.4729,0.0509,-0.7054,-0.0433,28.2366
6.3409,-0.074,-0.1739,0.403,28.2408
-0.1165,0.1037,-0.5836,0.5827,28.2377
10.1977,-0.1155,0.5775,-0.4157,28.2407
-4.4896,0.1397,-1.2572,1.2821,28.2346
9.8579,-0.164,-0.8901,0.6134,28.2314
6.2317,0.1849,-1.3578,0.1401,28.2414
-1.9677,-0.1595,1.4925,0.6261,28.234
14.0701,0.1611,-2.3106,-0.3094,28.2396
-4.9792,-0.1783,0.4549,1.5708,28.2266
11.0506,0.0735,-1.8705,-0.8578,28.2436
5.6058,-0.1297,-0.7786,1.3205,28.2388
3.8078,-0.0342,0.0478,-0.3012,28.2359
8.3072,-0.0729,-0.5455,-0.8572,28.2402
-0.5681,-0.0639,-0.8333,1.5175,28.2296
7.67,0.0245,-0.749,-0.871,28.2395
3.568,-0.1254,0.0425,1.446,28.2282
4.0122,0.134,-0.8166,0.7008,28.2318
9.4749,-0.1834,0.2366,-0.6533,28.2456
-4.997,0.1476,-0.1092,0.9693,28.2318
12.4337,-0.1833,-0.9826,-0.5447,28.2409
-2.1892,0.2103,-1.2105,1.4279,28.2333
7.7416,-0.2099,-0.3354,0.8502,28.2275
8.6611,0.1677,-1.8143,-0.257,28.2339
-3.9956,-0.2038,2.315,0.4974,28.236
14.9186,0.1431,-3.2021,-0.2407,28.2397
-6.3162,-0.2007,1.3506,1.5202,28.2307
12.4655,0.0918,-1.9828,-1.287,28.2447
2.7025,-0.1354,-0.5713,2.1653,28.233
6.2632,-0.0208,-0.2099,-0.5964,28.2397
9.5261,-0.0908,-1.576,-0.0104,28.2424
-1.6428,-0.0996,0.1214,1.0528,28.2324
9.3227,0.0324,-0.4131,-1.9561,28.2458
0.1295,-0.1271,-0.7938,2.2832,28.2283
7.6468,0.1346,-1.1062,-0.2344,28.2359
4.9996,-0.1953,0.6013,0.1796,28.2394
2.7553,0.1635,-1.141,1.3507,28.2264
10.2768,-0.2228,-0.1299,-1.2603,28.2508
-5.3284,0.1878,0.0249,1.0996,28.2325
13.5895,-0.2127,-1.2765,-0.2034,28.2405
-5.9782,0.1849,0.1102,0.9231,28.2296
12.3697,-0.2328,-1.3205,0.5833,28.2299
2.6298,0.1425,-1.3902,0.1778,28.2386
2.8218,-0.1835,1.0134,0.9148,28.2253
13.1002,0.127,-3.1068,-0.0013,28.2376
-7.782,-0.2261,3.2261,0.3476,28.2318
16.596,0.1123,-3.862,-0.6272,28.2446
-7.6284,-0.1749,1.3852,1.7941,28.2249
13.9871,0.0413,-1.9449,-1.4763,28.241
0.7001,-0.1225,-0.654,2.6928,28.2297
7.0396,-0.0453,-0.6141,-0.8002,28.2304
8.8825,-0.0632,-1.6429,0.9287,28.2383
1.1463,-0.091,0.6604,0.3674,28.2338
10.5447,0.0033,-1.3588,-1.6495,28.2462
-2.5138,-0.1688,-0.1547,2.2285,28.2257
10.0139,0.1033,-0.7494,-1.95,28.2398
-0.2687,-0.1956,-0.1434,1.8939,28.2287
8.3755,0.1438,-1.51,-0.6171,28.2344
3.1592,-0.2481,0.7295,1.0068,28.2287
5.3947,0.1645,-1.7737,0.8961,28.2277
8.3641,-0.256,-0.1248,-1.0555,28.2408
-0.5184,0.1508,-0.6765,1.9134,28.2202
11.8974,-0.2436,-0.8478,-0.8458,28.2379
-6.2449,0.1777,0.5471,1.0185,28.2241
14.8228,-0.2233,-1.4964,-0.1909,28.2303
-8.0538,0.1576,1.4252,0.308,28.2326
14.8806,-0.2106,-2.0749,0.0081,28.2343
-3.4963,0.1408,-0.4515,0.8319,28.2295
10.9409,-0.2249,-0.5122,0.5465,28.2331
3.4106,0.1443,-1.9321,0.7027,28.231
3.1779,-0.2239,1.11,0.3482,28.2243
11.4015,0.0936,-3.6215,0.2773,28.2325
-4.7903,-0.2072,3.1906,0.3688,28.2296
17.1604,0.0859,-4.5943,-0.1339,28.2308
-10.0484,-0.1896,3.6981,0.8288,28.2292
17.9634,0.0539,-3.9415,-1.0833,28.245
-9.8297,-0.1802,2.3124,1.662,28.2285
16.8269,-0.0283,-2.3376,-1.9687,28.2405
-4.0308,-0.1253,0.158,2.4948,28.2213
12.4356,-0.1186,-1.5414,-1.303,28.2364
0.5305,-0.0241,-0.6867,2.6748,28.2143
8.2914,-0.1725,-0.3797,-0.8138,28.2298
4.883,-0.0225,-1.7199,1.5477,28.218
4.8126,-0.1886,0.1939,-0.1268,28.2315
8.9979,0.0336,-2.3105,0.2221,28.2307
1.0288,-0.231,0.7382,1.4168,28.2159
11.2971,0.0837,-2.0747,-1.4774,28.2376
-2.6066,-0.2809,0.5535,2.1243,28.217
11.8522,0.1229,-1.7261,-2.0945,28.2376
-3.4589,-0.2976,0.848,1.937,28.2183
11.916,0.1422,-1.2016,-1.6305,28.2449
-2.5565,-0.309,0.3907,1.7102,28.219
11.0099,0.1305,-1.6706,-1.4405,28.2443
-1.1184,-0.3186,0.4106,1.8837,28.2227
10.101,0.1454,-1.9167,-1.1128,28.2316
0.3579,-0.3346,0.3023,1.7482,28.2199
8.8777,0.1405,-1.9981,0.0284,28.2321
2.2815,-0.3259,0.4311,0.7953,28.2361
6.8577,0.12,-1.9841,0.6709,28.2279
4.3486,-0.3284,0.2182,0.4236,28.2296
5.2546,0.1343,-1.6099,0.9871,28.2237
5.9736,-0.3335,-0.0518,-0.354,28.2351
3.2988,0.1081,-1.459,1.4034,28.2179
8.2655,-0.3092,-0.4521,-0.7388,28.2271
0.876,0.1041,-0.8681,1.6654,28.2192
10.0952,-0.3013,-0.7475,-0.9092,28.2271
-0.9374,0.0835,-0.474,1.8961,28.2194
11.306,-0.3031,-1.1089,-1.1606,28.2347
-2.1578,0.0361,-0.2892,1.7472,28.2171
12.4132,-0.2637,-1.2911,-0.7702,28.2346
-3.42,0.0411,0.3744,1.451,28.2195
13.439,-0.2759,-1.4622,-0.6269,28.233
-4.3767,0.0098,0.2175,0.8994,28.2345
14.1252,-0.2711,-1.9329,-0.5459,28.2302
-4.8904,0.0055,0.566,0.9764,28.233
14.7138,-0.2883,-1.9471,-0.2557,28.2267
-5.6391,-0.0186,0.5797,0.6936,28.2271
15.4248,-0.2633,-1.8868,-0.0202,28.2298
-5.7733,-0.0143,0.6423,0.6569,28.2247
15.3309,-0.2715,-1.8437,0.1034,28.2227
-5.576,-0.0307,0.5575,0.4782,28.2248
15.373,-0.2472,-2.0283,0.1531,28.2256
-5.6546,-0.0298,0.7037,0.6747,28.2236
15.431,-0.2626,-2.259,0.0056,28.2323
-5.5518,-0.0367,0.4104,0.4943,28.2236
15.3633,-0.2363,-2.0578,0.1032,28.2307
-5.3731,-0.0323,0.2928,0.6945,28.2242
15.3024,-0.2152,-1.8979,0.1321,28.2273
-4.969,-0.0512,0.1603,0.8443,28.2239
14.9573,-0.2143,-1.9795,-0.1027,28.2264
-4.6706,-0.0464,0.097,0.8682,28.2253
14.6479,-0.212,-1.9571,-0.0983,28.2239
-4.2078,-0.0473,0.3128,0.9619,28.2173
14.2421,-0.1916,-1.9384,-0.2011,28.2285
-3.6992,-0.043,0.0196,1.1759,28.2301
13.3182,-0.2006,-1.6446,-0.0789,28.2208
-2.8429,-0.0599,-0.3609,1.1262,28.2212
12.6126,-0.1902,-1.3876,-0.3099,28.233
-1.9203,-0.0701,-0.622,1.4032,28.2146
10.9698,-0.1851,-0.6993,-0.9725,28.2332
-0.3932,-0.0653,-1.215,1.6434,28.2235
9.1324,-0.1541,-0.3031,-1.3126,28.2289
1.5656,-0.0589,-1.6393,1.4858,28.218
6.902,-0.155,0.1461,-0.5131,28.2224
3.4266,-0.0588,-1.8044,0.7222,28.2217
5.2278,-0.175,0.2139,0.0836,28.2248
5.401,-0.0512,-2.1292,0.051,28.2292
3.1878,-0.1622,0.6074,0.6991,28.2142
7.1479,-0.0636,-1.9976,-0.644,28.2316
1.6194,-0.1635,0.4774,1.2282,28.217
9.0595,-0.0059,-1.8903,-1.0695,28.2304
-0.5387,-0.1546,0.6796,1.7343,28.2213
11.0329,-0.0479,-2.1992,-0.917,28.2259
-2.469,-0.1616,1.0407,1.4974,28.2224
13.0894,-0.018,-3.1138,-0.5825,28.2284
-3.4785,-0.1731,1.4886,1.2796,28.2148
14.7307,0.0125,-3.4352,-0.573,28.2372
-3.2107,-0.1932,1.5323,1.3237,28.2147
13.9259,-0.0056,-3.426,-0.4621,28.2285
-2.1206,-0.1437,1.0199,1.5248,28.2202
10.1583,-0.0111,-2.5331,-0.1531,28.2308
0.3479,-0.135,0.0832,1.3241,28.2176
5.5698,0.0138,-1.2643,0.2852,28.2325
5.4462,-0.1518,-0.86,-0.3322,28.2195
1.4529,0.0219,-0.1898,1.3353,28.2259
9.6075,-0.134,-1.403,-1.7186,28.2289
-3.4072,0.0232,0.2636,1.6396,28.2222
13.9696,-0.1101,-2.3078,-1.3091,28.2279
-7.6167,0.0098,2.0736,1.4641,28.2208
18.9583,-0.1181,-3.9773,-0.6847,28.228
-7.318,0.0075,2.1605,1.6263,28.2148
19.5066,-0.0792,-4.0435,-1.0952,28.2318
-6.6916,0.0032,1.3862,1.9233,28.2222
15.0045,-0.0951,-3.6072,0.508,28.2228
-2.1654,0.0137,1.2117,0.2189,28.2242
7.9258,-0.0867,-3.0464,1.7287,28.2216
5.3768,0.0102,1.4377,-1.1373,28.2386
0.0175,-0.0433,-1.9143,1.4755,28.2293
12.4208,0.0006,-0.6609,-0.9633,28.2323
-6.6146,-0.0824,1.154,0.1891,28.2333
18.7012,0.0025,-3.765,0.2266,28.2231
-6.2141,-0.071,1.7165,0.0406,28.2281
16.9498,-0.0137,-3.4157,0.3367,28.2343
-3.4237,-0.0248,0.0342,1.1251,28.227
13.7207,-0.0514,-1.9726,0.1111,28.2332
-0.9261,-0.0177,-1.2771,1.6881,28.2282
7.1144,-0.0468,-0.1914,-0.4957,28.2275
5.122,0.0083,-2.0201,0.4057,28.2246
0.7859,-0.0602,1.2949,0.8498,28.2177
11.3793,0.0353,-2.2629,-1.6704,28.2401
-3.4832,-0.0516,1.0381,1.6146,28.223
15.7424,0.0275,-3.9265,-0.2477,28.2284
-3.0279,-0.101,2.3524,1.2594,28.2199
11.9602,0.0159,-3.6321,0.5653,28.2245
-0.2133,-0.0658,0.4053,0.9488,28.2173
3.2362,0.0134,-1.0787,0.997,28.2286
9.2106,-0.0362,-1.2937,-1.8632,28.2416
-6.2251,0.0404,1.5276,1.008,28.2305
18.1331,-0.0512,-3.6708,-0.7541,28.231
-6.8217,0.0025,2.6036,1.4053,28.2264
19.1704,-0.0251,-4.4354,-0.4808,28.2365
-4.5123,0.0381,0.998,1.2653,28.2209
9.1878,-0.0113,-2.7153,1.6622,28.2191
5.3328,0.0431,0.6353,-1.0002,28.2314
-3.0059,-0.0162,-0.5399,0.3407,28.2319
16.9085,0.0482,-2.3119,-0.5005,28.2279
-6.3309,-0.0207,1.7789,0.0133,28.2284
17.6413,0.0261,-3.8048,0.2511,28.2273
-2.773,-0.035,-0.0546,1.3003,28.2216
11.5527,0.0016,-1.7362,0.4642,28.2256
1.5752,0.0038,-1.6333,1.0317,28.231
1.7653,-0.0139,1.0543,0.2171,28.23
11.1864,0.0321,-2.0366,-1.0979,28.234
-3.4055,-0.0328,1.4165,1.4499,28.2177
16.6232,0.0678,-4.734,-0.0564,28.2344
-2.5024,-0.027,2.0237,1.2628,28.2276
6.0916,0.0956,-2.6907,0.8233,28.2332
6.5934,-0.0303,-0.4306,-0.9815,28.2277
-5.796,0.0658,1.6708,0.7427,28.2303
18.604,-0.0047,-4.2307,-0.6475,28.2306
-5.7429,0.0309,2.5486,1.4524,28.2246
16.5433,0.0174,-4.4208,0.3784,28.2278
-0.7893,0.0368,1.4286,0.3305,28.2332
2.7588,0.0065,-1.8961,1.1974,28.2209
12.3266,0.0189,-1.1997,-0.9164,28.2318
-5.9798,0.0087,1.7396,-0.0254,28.2325
18.4909,0.0542,-4.18,0.1352,28.2257
-2.4275,0.0068,0.3457,1.2297,28.2204
10.097,0.0261,-1.8952,0.4549,28.2337
2.9423,0.0423,-1.6318,0.7988,28.2229
-0.4579,-0.0122,1.3508,0.7077,28.226
14.5424,0.0653,-3.108,-0.9349,28.2339
-2.3337,-0.0393,2.1474,1.0579,28.2205
10.4228,0.0841,-4.0181,0.8271,28.2349
3.1984,-0.0084,0.12,-0.193,28.226
-4.8538,0.0831,1.0298,0.416,28.2321
18.4987,-0.0128,-3.9501,-0.7686,28.2347
-5.4271,0.0531,2.4835,1.508,28.2202
15.0717,0.0018,-3.9495,0.8631,28.225
2.0091,0.0579,0.9321,-0.2003,28.228
-2.487,0.0238,0.1589,0.8191,28.2239
17.309,0.0248,-3.1827,-0.3286,28.2338
-4.0918,-0.0106,1.3227,-0.1561,28.2285
15.902,0.0261,-3.6274,0.7376,28.2264
-1.0529,0.0037,-0.7678,1.4542,28.2238
2.1868,0.0096,0.7615,0.4273,28.226
11.1522,0.0422,-2.1172,-0.8268,28.2386
-1.923,-0.0235,1.5692,1.1006,28.2231
12.5054,0.0902,-4.1578,1.081,28.2318
2.3447,0.0029,0.2233,-0.3827,28.2278
-5.3088,0.1017,1.5579,0.4895,28.2293
19.7559,-0.0137,-4.8399,-0.4946,28.2177
-4.7249,0.051,2.4047,1.2056,28.2176
11.7538,-0.0087,-3.5148,1.6335,28.2183
5.655,0.0506,0.5699,-0.8411,28.2341
-4.7859,-0.0043,1.6106,0.243,28.2235
18.8065,0.0371,-4.5653,-0.2699,28.2254
-1.7721,-0.0005,0.4317,0.9143,28.2183
8.2403,0.0418,-1.7684,0.8522,28.2274
5.4223,0.0375,-1.2891,-0.4174,28.2279
-3.143,-0.0021,2.1357,0.9871,28.2242
16.8908,0.0192,-4.5519,0.4514,28.2294
-0.2137,-0.0291,1.31,0.0701,28.2293
-2.4169,0.0981,-0.2694,0.7473,28.2304
16.8512,0.0269,-3.7599,-1.0248,28.2321
-4.6709,0.0723,2.3867,1.0972,28.2259
13.2056,-0.0226,-3.81,1.444,28.2157
5.2117,0.0457,0.9501,-0.6566,28.2343
-4.6776,-0.0257,1.3891,0.4091,28.2186
18.6897,0.0345,-4.6533,-0.2403,28.2269
-1.1372,-0.0063,0.2347,1.2663,28.2177
5.2323,0.0212,-1.134,0.6162,28.2242
7.9479,0.0363,-1.8776,-0.6675,28.2351
-1.3665,0.0028,2.2516,1.3139,28.2205
11.7007,0.0496,-3.9858,0.9979,28.2284
4.3163,0.0119,0.1079,-1.2148,28.2283
-6.2565,0.0738,1.9719,1.0014,28.2303
20.9375,-0.0016,-5.3832,-0.507,28.2288
-1.3833,0.0379,1.903,0.6359,28.2252
0.7347,0.0038,-0.5769,1.1698,28.2195
15.0686,0.0647,-3.2723,-0.4155,28.2294
-1.975,-0.0099,1.5331,0.5964,28.2253
12.5176,0.0063,-3.2506,0.2608,28.2268
2.4188,0.0272,-0.9178,0.4397,28.2212
-2.5321,-0.0164,2.1445,0.9047,28.224
15.0834,0.054,-4.4037,0.8302,28.2172
2.359,0.0006,0.885,-0.4795,28.2316
-4.8399,0.0968,1.6019,0.4438,28.2361
19.0866,0.0207,-5.3003,-0.2998,28.2359
-0.8876,0.0397,2.0736,0.6393,28.2292
2.2212,-0.0173,-1.1043,1.1368,28.222
13.637,0.0845,-2.6454,-0.3673,28.2303
-1.1034,-0.0208,1.2777,0.5664,28.2235
10.8877,0.0304,-2.981,0.3891,28.223
3.7643,0.0313,-0.7418,0.4057,28.2261
-1.04,0.0133,1.6716,0.6824,28.2192
11.3467,0.0622,-3.6736,1.1437,28.2165
5.0092,0.0052,0.0458,-1.2487,28.2263
-4.3062,0.0649,1.3591,0.9656,28.2269
16.4635,0.0166,-4.0838,0.336,28.223
3.6893,0.0555,0.9283,-0.0411,28.2242
-2.2758,-0.0068,0.6883,0.3777,28.2213
15.6669,0.0936,-4.1068,0.249,28.2196
1.59,-0.008,0.1149,1.0432,28.2232
2.2106,0.0476,-0.3915,0.4919,28.2253
10.948,0.0851,-2.5696,0.2424,28.2206
1.9358,-0.0154,1.3545,0.0292,28.23
-0.6166,0.067,-0.3103,0.3414,28.2196
14.5127,0.0365,-4.0034,-0.0793,28.224
-0.6153,0.0469,1.8022,0.3404,28.2271
4.4607,-0.0195,-1.1187,0.8956,28.2256
12.2678,0.0766,-2.3925,-0.3888,28.2259
0.08,-0.0353,1.0055,0.4778,28.2292
8.0856,0.0736,-2.0036,0.8718,28.2246
5.9552,0.0558,-1.2928,0.294,28.2268
1.3929,0.017,1.2861,0.6272,28.2213
5.8842,0.0819,-2.2017,0.9755,28.2194
9.2366,0.0468,-1.8242,-1.0676,28.2262
-1.6554,0.0488,1.1831,0.9078,28.2136
8.238,-0.0052,-2.1311,0.67,28.2237
10.465,0.0908,-1.1261,-0.3768,28.2264
-0.7237,-0.0515,0.6672,0.0358,28.2296
9.3638,0.0892,-2.3544,0.9335,28.2226
5.498,0.0509,-0.9449,0.3238,28.2217
1.4248,0.0301,0.7996,0.8332,28.2215
5.2937,0.1067,-1.6831,0.991,28.2168
9.9839,0.0383,-2.0728,-1.2548,28.2344
-1.0363,0.0485,1.0837,0.9442,28.218
6.1756,0.0121,-1.3461,0.5979,28.2254
11.6107,0.0252,-2.0206,-0.3833,28.2271
0.6235,-0.0696,0.7344,0.352,28.226
6.1765,0.0763,-1.7769,0.6687,28.2276
7.923,0.0647,-1.5999,0.3495,28.2196
2.8572,0.0429,0.6225,0.7158,28.2173
-0.7363,0.1178,0.5544,0.2069,28.2263
14.4628,0.0786,-4.5132,0.1506,28.2215
2.3102,0.0222,1.2703,0.0957,28.2207
0.4096,-0.0173,0.6766,0.4679,28.22
13.499,0.0491,-3.6828,0.1475,28.2254
3.2436,-0.0618,-0.2523,0.7586,28.2226
0.0179,0.0312,0.5303,-0.0331,28.2295
11.5883,0.0949,-3.1782,1.6613,28.2195
5.2893,0.0505,0.4503,-1.271,28.2347
-3.5152,0.0842,1.4889,0.7163,28.2213
13.1666,0.0456,-4.1376,1.3844,28.2192
8.3139,0.0088,0.0778,-1.0682,28.2307
-2.0171,-0.103,0.8109,0.4216,28.2258
10.7678,0.0249,-3.1379,0.9939,28.2193
5.5583,-0.0171,-0.6755,-0.2592,28.2255
1.5401,0.0351,0.5773,0.7248,28.2213
2.8842,0.093,-0.5725,0.7978,28.2218
12.5888,0.031,-3.2817,-0.6457,28.2291
1.6865,0.0334,1.219,0.5263,28.2155
0.6486,-0.0065,0.6844,0.326,28.2231
14.1744,0.0394,-3.9735,0.3536,28.2162
3.5858,-0.0916,-0.3807,0.9936,28.2097
-1.8931,0.0062,1.6749,-0.2602,28.2311
11.3946,0.0515,-3.7284,2.4122,28.2068
7.1071,0.0385,-0.0441,-2.0789,28.2386
-2.1484,0.086,1.1475,1.137,28.2265
8.3157,0.0359,-2.644,1.0687,28.216
11.9324,0.0182,-1.459,-0.8434,28.2229
0.4545,-0.1432,0.574,0.504,28.217
3.381,0.0341,-0.9882,0.9789,28.2255
10.9158,0.0083,-2.5042,0.8929,28.2174
4.3223,0.007,-0.0765,-0.3589,28.2235
-3.4404,0.1067,2.1373,0.1269,28.2224
13.0603,0.034,-4.7029,1.7655,28.2179
9.2934,0.017,0.235,-1.0341,28.2235
-1.9317,-0.1208,0.7683,-0.1414,28.2265
7.9392,0.0474,-2.612,1.9362,28.218
7.9514,-0.0262,-1.234,-0.0386,28.2199
3.7702,0.0102,0.0414,0.4182,28.2225
-2.1483,0.1261,1.8298,0.0302,28.2217
13.0964,0.0313,-5.0656,1.3693,28.217
8.7075,0.0011,0.7846,-0.8184,28.2281
-2.029,-0.1401,0.6057,-0.3603,28.2222
8.9881,0.0658,-3.0074,1.9456,28.2108
6.7565,-0.0355,-0.8834,-0.054,28.2161
4.0615,0.0341,0.1999,0.4279,28.2271
-1.4566,0.1245,1.5285,0.1763,28.2209
12.1978,0.0198,-4.8118,1.3284,28.2171
9.4329,-0.0009,0.4682,-0.6579,28.2242
-1.7982,-0.1502,0.7268,-0.3607,28.2167
7.9112,0.0423,-2.8286,1.8437,28.2231
7.7618,-0.0274,-1.0102,0.1831,28.2227
4.5847,0.0486,-0.0805,0.0855,28.2287
-2.0745,0.1135,1.6426,0.1937,28.2165
11.0135,0.0063,-4.2393,1.5938,28.2137
10.8156,0.0042,-0.3345,-1.0394,28.2297
-0.6328,-0.1606,0.7504,-0.3734,28.224
4.3538,0.0193,-1.8631,1.7525,28.2202
8.9997,-0.0216,-1.4628,0.9686,28.2189
6.417,0.0515,-0.5375,-1.1179,28.2312
-1.8266,0.1204,1.57,0.8401,28.2148
7.4022,0.0141,-2.7352,1.251,28.2253
12.4041,-0.0267,-1.6134,-0.7906,28.2248
2.6356,-0.1909,-0.3972,0.2428,28.2219
-0.4937,-0.0039,0.9666,0.5204,28.2163
9.1946,0.0481,-3.0061,2.8261,28.2033
9.3762,0.0553,-1.0538,-2.4468,28.2355
1.5355,0.0695,1.0304,0.3506,28.2242
2.1354,-0.0305,-0.2916,1.1477,28.2242
12.8015,-0.0357,-3.1911,0.1177,28.222
4.8497,-0.1728,-0.9271,-0.0565,28.2181
1.0455,0.0071,1.1863,0.4248,28.2203
1.2323,0.0978,0.2318,1.787,28.2098
12.0956,0.0589,-4.5434,-0.1059,28.2188
9.066,0.0207,1.0248,-0.6173,28.2309
-1.1378,-0.1185,0.1931,-0.075,28.2243
6.3408,-0.0384,-2.395,2.1786,28.2166
8.868,-0.097,-1.1244,-0.2224,28.2236
5.7346,0.038,-0.5974,-0.5638,28.2199
-1.5246,0.1208,1.4052,1.0198,28.2249
6.5425,0.0124,-2.2425,1.1268,28.2187
13.441,-0.0415,-1.7985,-0.9067,28.2303
3.3124,-0.214,-1.1238,0.4282,28.2248
-0.4095,-0.018,1.4417,0.4071,28.2181
5.394,0.0209,-1.7182,2.4327,28.217
11.6435,0.0913,-2.9525,-1.41,28.2271
5.9668,0.0487,1.1806,-0.0497,28.2144
-0.6167,-0.0922,0.1309,0.5697,28.2167
8.0882,-0.0792,-2.4028,1.3672,28.2075
8.3884,-0.1455,-1.3333,-0.1327,28.2173
4.8784,0.0305,-0.2275,-0.1663,28.225
-1.3152,0.0866,1.31,0.757,28.2177
6.772,0.0466,-2.0392,0.8656,28.2264
13.5957,-0.0481,-1.8694,-0.8154,28.2248
3.652,-0.2406,-1.5051,0.235,28.2221
-0.099,-0.0447,1.5634,0.4981,28.2206
2.9548,0.0165,-0.2948,1.9797,28.2194
12.1602,0.1018,-4.3228,-0.51,28.2298
8.7076,0.0185,0.9667,-0.2911,28.2265
-1.0366,-0.1327,0.0134,-0.1605,28.2242
4.8672,-0.082,-1.4613,1.5845,28.2158
8.0951,-0.121,-1.4176,0.9178,28.214
8.3284,0.0531,-1.2875,-1.4671,28.2318
1.1497,0.0779,0.8629,0.8448,28.2168
3.1977,-0.0001,-0.3956,0.835,28.2213
12.0207,-0.0826,-2.6775,0.2273,28.2232
4.7479,-0.2262,-1.5538,-0.1045,28.2222
3.947,-0.0345,0.4518,0.5355,28.2244
0.1454,0.0553,1.1578,0.768,28.2113
7.3556,0.0897,-2.8374,0.5875,28.2202
13.026,-0.0083,-1.6323,-0.5109,28.2173
3.1297,-0.2072,-1.4709,0.1593,28.2146
1.4465,-0.0888,1.4869,0.4629,28.2069
2.2387,-0.0146,0.0532,1.9554,28.2055
10.8322,0.1086,-4.5907,-0.0215,28.2174
10.4007,0.0105,0.6078,-0.7266,28.2242
0.2918,-0.1397,-0.1697,-0.4011,28.2282
2.3544,-0.0815,-0.2064,1.3422,28.2124
6.7882,-0.0906,-2.0941,2.3289,28.2225
10.0443,0.0661,-2.0673,-1.8629,28.2353
6.4813,0.0284,0.7965,0.0434,28.2207
0.3184,-0.0274,0.0073,0.4862,28.2209
5.2581,-0.0872,-1.7538,1.3944,28.218
6.9244,-0.1485,-1.5265,0.9727,28.2181
9.4578,0.0047,-1.0586,-1.6022,28.2231
3.0087,0.0288,0.534,0.7037,28.2127
1.4519,0.0492,-0.3208,1.1256,28.2171
8.7788,-0.0587,-2.1513,0.6727,28.2211
7.4617,-0.1809,-1.9543,-0.0758,28.2224
6.346,-0.0325,-0.1105,-0.2549,28.2184
0.6673,0.0551,0.7665,1.0289,28.217
3.8163,0.0876,-1.1808,0.7573,28.2177
11.5699,-0.0564,-2.0842,0.3269,28.2246
6.1079,-0.1642,-1.9099,-0.398,28.2192
4.9566,-0.045,0.3331,0.3911,28.2205
-0.4545,0.0347,0.9088,1.0902,28.2173
5.7578,0.1216,-1.9749,0.4948,28.2191
12.8402,-0.0385,-1.7649,0.0168,28.2246
4.5478,-0.1671,-1.8891,-0.4197,28.2217
4.2798,-0.0466,0.4909,0.9016,28.2146
-0.2205,0.0325,0.8676,0.9478,28.2126
6.488,0.1319,-2.2884,0.1327,28.217
13.1812,-0.0225,-1.606,0.142,28.2195
4.0354,-0.1522,-1.9405,-0.4927,28.2309
3.9676,-0.0691,0.8028,1.0312,28.213
0.2036,0.0362,0.7702,0.9723,28.2241
6.3498,0.1365,-2.3684,0.2752,28.2271
13.2418,-0.0158,-1.5858,0.2018,28.2268
3.866,-0.13,-2.0307,-0.4693,28.2156
4.4253,-0.0878,0.8901,0.9095,28.2237
0.2252,0.0407,0.6442,1.0704,28.2149
5.889,0.147,-2.1977,0.1884,28.2202
12.9325,-0.0222,-1.5174,0.2859,28.2206
4.2726,-0.1223,-2.1678,-0.4052,28.2206
5.083,-0.0885,0.6914,0.7999,28.2165
0.3569,0.0596,0.7162,0.9915,28.2108
5.2303,0.1459,-1.8507,0.2175,28.2174
11.5762,-0.0456,-1.5165,0.5296,28.2118
5.7197,-0.1129,-2.4043,-0.5925,28.2237
5.6271,-0.0857,0.496,0.4905,28.2193
