8.037786,-0.020615,3.234039,-1.182829,41.214798
11.1765,-0.0095,-0.8042,0.059,41.1741
7.782,0.0541,-0.7554,0.1996,41.1738
5.4508,-0.0068,1.0644,1.0968,41.1717
11.8828,0.0676,-0.801,0.1636,41.1731
7.4523,-0.0141,-0.4049,0.1209,41.1758
5.4702,0.0529,0.7603,0.7427,41.1705
11.2959,-0.0021,-0.7755,0.3982,41.1846
9.3311,0.0418,-0.5554,0.0737,41.1803
4.3177,0.052,0.9574,0.9364,41.1659
11.1396,-0.0655,-0.9758,0.1572,41.1793
9.566,0.1132,-0.7772,0.0902,41.1711
4.3493,-0.0208,1.0508,1.1437,41.1743
11.0244,0.0049,-0.4673,0.339,41.1646
9.1675,0.0374,-0.5802,-0.0665,41.1673
4.299,0.0909,0.3473,0.8173,41.1742
10.9863,-0.0861,-0.3429,0.4833,41.1663
9.5728,0.1194,-0.2773,0.1447,41.1713
5.9617,0.0563,-0.0263,0.9177,41.1713
7.9705,-0.08,0.048,0.145,41.1736
10.597,0.071,-0.5219,-0.1412,41.1805
8.2739,0.0586,-0.473,0.9779,41.1706
5.2812,-0.0714,0.8185,0.8471,41.1618
11.7918,-0.016,-0.954,-0.1479,41.1715
8.098,0.1792,-0.7504,0.2709,41.1656
4.869,-0.1575,0.9744,1.0743,41.1621
11.6229,0.0484,-0.4669,0.1275,41.1672
9.0563,0.0806,-0.4308,0.2202,41.1731
3.8862,-0.0018,0.0254,0.6056,41.1619
11.19,-0.0729,-0.027,0.4952,41.1696
9.9198,0.1815,-0.3552,0.3067,41.1631
6.6133,-0.0449,-0.2973,0.495,41.1645
6.4094,-0.0232,0.5935,0.646,41.1598
11.471,0.0601,-0.7976,-0.1638,41.1871
8.7652,0.0353,-0.5343,0.5076,41.1743
3.9836,-0.0099,1.2661,1.0295,41.1596
12.319,-0.0587,-1.3256,-0.0961,41.1614
8.695,0.1306,-0.32,0.0776,41.1687
5.8332,-0.0542,0.1514,1.0452,41.1654
8.5407,-0.0069,0.2727,0.7332,41.1668
10.7744,0.0019,-0.3315,0.0064,41.1575
7.495,0.1488,-1.1771,-0.0525,41.1672
5.1443,-0.1289,1.1834,1.2926,41.1662
12.6862,0.0742,-0.7239,0.1849,41.1661
8.1968,0.024,-0.2476,0.2953,41.1682
4.328,0.0825,-0.1839,0.666,41.1674
11.2512,-0.1548,0.0296,0.2743,41.1635
9.5226,0.1292,0.0973,0.521,41.1577
7.7871,0.0313,-0.9119,0.243,41.1579
4.8652,-0.0357,0.974,0.7352,41.1576
12.3087,-0.0588,-1.0262,0.1545,41.1568
8.7737,0.1483,-0.224,0.3617,41.1503
5.615,-0.0023,0.2859,1.0884,41.1464
9.1998,-0.1016,-0.0986,-0.1846,41.1576
9.9868,0.0992,-0.4124,0.1226,41.1623
9.2229,0.0571,-0.6177,0.6023,41.1652
3.5629,-0.0017,1.0086,1.2478,41.1554
12.5309,-0.1561,-1.0414,-0.1112,41.1659
8.3307,0.2087,-0.2882,-0.1657,41.1622
8.1178,-0.0114,-0.4658,0.8187,41.157
5.7118,-0.0613,1.153,0.9619,41.1531
12.115,-0.0884,-0.8749,0.2561,41.1634
8.0614,0.2295,-0.9613,-0.1424,41.1655
6.2647,-0.0931,0.2449,0.915,41.1548
8.6651,-0.067,0.5032,0.7721,41.1479
10.8984,-0.0467,-0.2033,0.1098,41.1608
8.0805,0.2541,-1.4371,-0.2619,41.1764
5.2611,-0.1962,0.71,1.2701,41.1574
10.6026,-0.0359,0.014,0.72,41.1521
9.7051,-0.0168,0.0985,0.0835,41.1641
8.0257,0.2347,-1.5772,-0.3505,41.167
5.3961,-0.2354,1.0761,1.3203,41.1479
11.4845,-0.0326,-0.0744,0.5346,41.1551
8.8921,0.0053,-0.2436,0.0773,41.1547
7.8822,0.2339,-1.3824,-0.2371,41.1544
5.8221,-0.3222,1.0447,1.2887,41.1414
11.5552,-0.0138,-0.1806,0.5282,41.1596
8.5512,0.0076,-0.2341,0.1789,41.1605
7.7296,0.222,-1.3377,-0.0206,41.1559
6.3965,-0.3747,1.0112,1.0706,41.1562
11.3392,-0.036,-0.1071,0.502,41.1541
8.6877,0.0358,-0.3042,0.1607,41.1595
7.8749,0.1862,-1.2461,-0.1169,41.1604
6.2535,-0.4453,0.8426,1.1219,41.1471
11.1943,-0.0716,-0.1722,0.6068,41.1503
8.6885,0.0263,-0.144,0.1731,41.1554
8.2027,0.1751,-1.2908,-0.0653,41.1569
6.0395,-0.5218,0.8856,1.0876,41.1541
10.7594,-0.1278,-0.2136,0.5673,41.1563
9.0563,-0.005,-0.0389,0.2096,41.1556
8.7928,0.1661,-1.5586,-0.3606,41.1648
5.8463,-0.597,0.9785,1.2347,41.1462
10.2986,-0.2338,-0.1872,0.5463,41.1461
9.1897,-0.0811,0.0401,0.269,41.1428
9.3116,0.1664,-1.8001,-0.2562,41.1623
5.7007,-0.625,0.7326,1.0494,41.1482
9.2558,-0.3226,0.1603,0.7943,41.1425
10.0016,-0.1772,0.0282,0.4681,41.1434
9.1919,0.2087,-1.739,-0.3784,41.1519
6.643,-0.6192,0.2591,0.7648,41.1609
7.247,-0.4412,0.4758,0.9798,41.144
11.1527,-0.3223,-0.1769,0.5775,41.1614
8.2529,0.2186,-0.9876,-0.7065,41.1508
8.9949,-0.5425,-0.7521,0.6545,41.1455
4.8832,-0.5172,0.8355,1.228,41.1463
11.8389,-0.5279,-0.3563,0.3646,41.1522
7.644,0.1895,-0.4501,-0.2674,41.1568
10.4707,-0.4184,-1.1256,0.1643,41.1451
5.2159,-0.5417,0.5518,1.5383,41.1518
9.4499,-0.7503,-0.1196,0.3262,41.1486
9.5235,0.0704,-0.8782,0.1673,41.1535
9.5382,-0.2698,-0.5994,0.1175,41.1403
7.9993,-0.4033,-0.5366,0.8247,41.1517
5.4488,-0.9282,0.7446,0.9455,41.1515
11.8507,-0.1315,-1.1703,-0.3909,41.1565
8.0384,-0.1988,-0.2917,0.4605,41.1465
10.8842,-0.243,-1.0003,0.356,41.1569
5.1074,-0.8685,0.1684,1.1594,41.146
9.5674,-0.5298,-0.7874,0.0197,41.1539
8.8888,-0.2033,0.2517,0.3905,41.1458
9.7485,-0.1068,-0.7085,0.2629,41.146
8.8555,-0.582,-1.1563,0.3464,41.1468
5.6332,-0.8606,0.1132,0.7988,41.1373
9.8175,-0.3578,-0.3527,0.49,41.1417
8.991,-0.1631,-0.1638,0.6569,41.1474
9.9363,-0.1569,-1.4002,-0.3477,41.1463
7.5391,-0.9086,-0.5819,0.7038,41.1428
5.9212,-0.5661,-0.0534,0.8024,41.1398
10.8549,-0.3698,0.0162,0.4873,41.1407
8.5444,0.0774,-1.0015,0.1221,41.142
10.5769,-0.6357,-0.9629,0.0978,41.1436
6.7477,-0.6142,-0.5525,0.7514,41.1479
6.6291,-0.706,0.2854,0.9947,41.1437
11.0782,0.0118,-1.0292,-0.1173,41.1417
8.1648,-0.3028,-0.4377,0.3465,41.1464
10.7203,-0.3214,-1.15,0.0405,41.1458
6.7916,-0.803,-0.6174,0.9845,41.1435
7.62,-0.3316,-0.3665,0.5369,41.1388
9.2737,-0.2738,-0.3215,0.5741,41.1338
9.1188,-0.0768,-0.531,0.3443,41.1455
10.0707,-0.4467,-1.4916,-0.1504,41.142
7.428,-0.6231,-0.3992,0.6055,41.1339
6.5839,-0.4275,-0.4188,0.9353,41.1309
9.7671,-0.2051,0.0213,0.4461,41.1425
9.0362,-0.0279,-1.0635,0.2883,41.1359
9.9631,-0.4686,-1.0311,0.0685,41.1378
8.4997,-0.451,-1.1056,0.5689,41.1412
6.2829,-0.5626,-0.0025,1.0539,41.1482
9.8592,-0.0802,-1.0285,0.2081,41.1332
8.4252,-0.2097,-0.0138,0.5275,41.1371
10.0877,-0.1627,-1.1115,0.0566,41.1444
9.3753,-0.5098,-1.5544,0.2223,41.1349
7.0759,-0.4289,-0.3797,0.6832,41.1328
6.9001,-0.285,-0.3646,0.8676,41.1412
9.8486,-0.104,-0.2045,0.5488,41.1366
9.0803,-0.0583,-1.0694,-0.053,41.135
9.9431,-0.3937,-1.1169,0.1825,41.1383
8.2965,-0.371,-1.2967,0.6352,41.1297
6.6175,-0.45,-0.0795,0.9669,41.1346
9.5339,-0.0391,-0.9721,0.1909,41.1274
8.5281,-0.1619,-0.1609,0.5174,41.1342
10.0923,-0.0871,-1.0301,0.1195,41.1297
9.5646,-0.4164,-1.5897,0.2063,41.139
7.6045,-0.3758,-0.6187,0.4956,41.1294
6.967,-0.2673,-0.5117,0.9584,41.1326
8.6927,-0.1219,-0.0815,0.6236,41.1245
9.2773,0.0487,-1.256,0.1319,41.1302
9.7303,-0.2818,-0.8682,0.186,41.1329
9.7456,-0.2518,-1.3137,0.0761,41.1331
7.4238,-0.4578,-0.7405,0.6928,41.1376
8.178,-0.1369,-0.8185,0.7737,41.128
7.477,-0.1429,-0.1688,0.7679,41.1282
9.9198,0.0159,-0.8905,0.2641,41.1385
9.1473,-0.1696,-0.9424,-0.0702,41.1301
10.0767,-0.3497,-1.2584,0.2216,41.1305
7.542,-0.3072,-1.18,0.7131,41.1302
6.9107,-0.2608,-0.3541,1.0912,41.1344
10.0528,0.0762,-1.0989,0.2295,41.1247
7.8178,-0.1282,0.0124,0.5019,41.1313
10.4362,-0.0811,-1.3154,0.0441,41.1318
9.3217,-0.3487,-1.3068,0.1298,41.1362
8.3661,-0.3207,-0.9324,0.5893,41.1387
7.3379,-0.2056,-1.0041,0.867,41.133
7.0268,-0.0982,0.1289,0.9117,41.123
10.6058,0.0846,-1.4062,0.083,41.1377
8.3035,-0.1996,-0.4713,0.3087,41.1287
10.6326,-0.16,-1.3073,0.056,41.1331
9.0674,-0.3794,-1.3977,0.3456,41.1335
7.8817,-0.1775,-0.7798,0.6125,41.1313
7.1792,-0.1315,-0.9258,0.9261,41.1279
7.7115,-0.0322,0.11,0.8107,41.1296
10.2735,0.0371,-1.4055,0.1181,41.1259
8.7271,-0.2603,-0.7622,0.2098,41.1262
10.3053,-0.1468,-1.2323,0.0912,41.125
9.1025,-0.3221,-1.3535,0.3661,41.1279
7.6579,-0.0948,-0.8275,0.6788,41.1316
7.2926,-0.0947,-0.8257,0.9667,41.1323
7.8088,-0.0483,0.0184,0.7972,41.1233
10.2606,0.0236,-1.5147,-0.0305,41.1229
8.6713,-0.2423,-0.7944,0.4411,41.1277
10.471,-0.1051,-1.1626,-0.0496,41.1215
8.9233,-0.2297,-1.3651,0.2773,41.1156
8.1655,-0.0777,-0.8511,0.6878,41.1173
7.7347,-0.0663,-0.9829,0.7481,41.128
6.9615,-0.0672,-0.0319,1.0241,41.1128
10.7284,0.0418,-1.5759,-0.0305,41.1262
7.9318,-0.1757,-0.3201,0.4044,41.1214
10.6087,-0.0446,-1.2609,-0.0286,41.1208
8.7793,-0.135,-1.2941,0.1861,41.123
9.2337,-0.0745,-1.1634,0.5521,41.1233
7.8252,-0.0608,-1.1514,0.7394,41.1161
7.4067,-0.0864,-0.436,1.1077,41.1136
9.8216,0.0449,-1.1088,0.2361,41.1258
6.8715,-0.0837,-0.0527,0.4702,41.1237
10.6904,0.0128,-1.433,0.2033,41.1171
8.7215,-0.0113,-0.7746,0.0285,41.1254
10.0291,-0.0561,-1.4552,0.1971,41.118
8.9418,-0.0437,-1.3916,0.5034,41.1234
8.0394,-0.0934,-1.0442,0.8239,41.1175
8.1145,0.0232,-0.734,0.8431,41.1155
7.5003,-0.0414,-0.5956,0.668,41.1214
8.8359,0.0334,-0.4397,0.1435,41.1154
9.7245,0.0917,-1.3294,0.2293,41.1187
9.1038,-0.0553,-0.8379,0.267,41.1246
9.9918,0.0147,-1.131,0.0772,41.121
9.0361,-0.0716,-1.4546,0.3232,41.1248
8.6127,-0.0287,-0.9144,0.8025,41.1179
8.0842,-0.0268,-1.025,0.7221,41.122
7.4379,-0.0208,-0.3897,0.9942,41.1132
9.8392,0.1133,-1.2142,0.0496,41.1154
6.7632,-0.0234,-0.1183,0.5397,41.1218
10.7168,0.0326,-1.3666,0.2819,41.1122
8.5411,0.0772,-0.8279,0.1241,41.1143
9.7522,-0.0273,-1.2177,0.2115,41.1119
9.4013,0.0088,-1.3142,0.346,41.1171
9.2593,-0.0414,-1.2804,0.455,41.1158
8.0379,0.0329,-0.5539,0.6104,41.1217
8.2216,-0.0043,-1.1931,0.7983,41.1228
7.0039,-0.0215,-0.3877,1.1189,41.1064
10.6247,0.1256,-1.1639,-0.3569,41.114
6.873,-0.0084,0.0989,0.7213,41.1178
10.6037,0.0427,-1.425,0.2003,41.1168
8.3287,0.0677,-0.9085,0.1432,41.1044
10.0177,-0.0025,-1.316,0.2321,41.0983
9.4482,0.0262,-1.1623,0.2942,41.1085
9.4401,-0.0122,-1.322,0.5954,41.1173
7.8596,0.0681,-0.5434,0.6247,41.1106
8.4658,-0.0028,-1.3173,0.699,41.1046
7.38,-0.0335,-0.3826,0.9541,41.1044
10.3154,0.1311,-1.3357,-0.1145,41.1143
6.0728,-0.0045,0.0342,0.9067,41.1082
10.4394,0.0368,-1.161,0.1235,41.1098
8.8794,0.1251,-1.0814,0.1833,41.105
9.4576,0.0545,-0.9251,0.1415,41.1096
9.6286,0.0641,-1.0078,0.2522,41.1093
9.2556,-0.0023,-0.9975,0.235,41.1151
8.8739,0.0711,-1.1681,0.8946,41.1093
9.6806,-0.018,-1.3942,0.5338,41.1072
8.0239,-0.0644,-0.8031,0.5874,41.1057
8.5389,0.0982,-1.0817,0.5343,41.1037
7.7522,-0.0005,-0.3885,0.6694,41.1031
7.5596,-0.0092,-0.6739,0.7942,41.1065
11.039,0.1614,-1.439,-0.0714,41.1139
6.6042,0.0596,0.1403,0.4693,41.1119
10.6133,0.0688,-1.3918,0.0644,41.1036
8.2467,0.0699,-0.9399,0.3956,41.1029
10.0707,0.0678,-1.0916,0.311,41.1076
9.2034,0.0009,-0.794,0.3964,41.101
9.4609,-0.0513,-1.0566,0.313,41.1118
8.7682,0.0457,-1.1345,0.6319,41.1059
9.7176,-0.0247,-1.353,0.492,41.1064
8.1811,-0.1095,-0.8865,0.5689,41.1064
8.2557,0.0796,-0.9608,0.4958,41.0976
8.7325,0.0246,-0.6939,0.8157,41.1096
7.4273,-0.0479,-0.6922,0.7546,41.0965
10.4172,0.1219,-1.2233,-0.1114,41.0984
6.2124,0.0623,-0.0923,0.8501,41.1007
10.3801,0.0265,-0.9588,0.1819,41.103
9.2506,0.0617,-1.0708,0.2894,41.106
8.787,0.0592,-0.6351,0.4408,41.1065
9.7098,0.041,-0.959,0.4068,41.1006
8.6122,-0.044,-1.0234,0.3638,41.0933
9.8733,0.0521,-1.2663,0.2347,41.0984
9.0925,0.0187,-0.7479,0.2896,41.0901
9.5495,-0.0791,-1.3608,0.273,41.0993
8.1979,0.0372,-0.9993,0.6253,41.0971
9.9696,0.0354,-1.19,0.6657,41.0975
8.1263,-0.0853,-0.9857,0.5929,41.0984
8.4544,0.0547,-0.7528,0.4308,41.0992
8.8089,0.0646,-1.0151,0.814,41.0974
7.9623,-0.0231,-0.4533,0.6856,41.1029
10.079,0.0686,-1.3174,0.1624,41.1102
7.0717,0.0422,-0.3324,0.7308,41.0951
9.1615,0.0523,-0.6491,0.3324,41.0995
10.0876,0.0505,-1.2931,0.0655,41.0935
6.7612,0.0281,-0.227,0.5906,41.0839
10.5721,0.0777,-0.8861,0.2135,41.0971
8.9719,0.0155,-1.1904,0.2979,41.092
8.8795,0.0449,-0.7639,0.1556,41.097
9.4802,0.0913,-0.961,0.59,41.096
8.7668,0.0089,-0.8894,0.2968,41.1027
9.3055,0.039,-1.3191,0.3014,41.0992
8.972,0.0859,-0.6876,0.5334,41.0958
9.2845,-0.0028,-0.8998,0.3848,41.0961
8.7592,0.0437,-1.076,0.5456,41.0894
9.6773,0.0569,-1.1268,0.3011,41.0972
9.2145,-0.0155,-0.9401,0.5509,41.0889
8.1446,0.0385,-0.7701,0.6697,41.0888
10.1197,0.0414,-1.2087,0.4764,41.0894
8.491,-0.0232,-0.8578,0.5657,41.0942
8.5978,0.0654,-0.7266,0.4897,41.0941
9.5634,0.0091,-1.3236,0.5751,41.0945
8.2174,-0.0045,-0.5527,0.4506,41.0978
9.4487,0.0825,-0.9125,0.3338,41.088
8.1083,0.0107,-0.8987,0.6278,41.0896
8.8788,0.0256,-0.7117,0.564,41.0883
10.1053,0.0881,-1.2211,0.2418,41.0919
7.6735,-0.0083,-0.6176,0.5011,41.0862
8.8206,0.0416,-0.9811,0.7602,41.0867
10.5489,0.0853,-1.0333,-0.051,41.0916
6.4533,0.0015,-0.3362,0.6754,41.091
9.5063,0.0595,-0.9695,0.451,41.0868
10.6342,0.0813,-1.2084,0.1815,41.0957
6.674,0.0086,-0.3949,0.6862,41.083
9.5957,0.0517,-0.6091,0.0751,41.0875
10.4277,0.0397,-1.4886,0.2865,41.0876
6.1934,0.0236,-0.4381,0.7214,41.0863
10.4332,0.066,-0.5506,0.2644,41.0934
9.9269,0.0227,-1.424,0.2987,41.0774
6.7315,0.0199,-0.2324,0.5273,41.0864
10.6373,0.0596,-0.8429,0.329,41.0846
9.4213,-0.0027,-1.4387,0.3932,41.0963
7.2065,0.054,-0.2693,0.5211,41.0779
10.4572,0.0518,-0.9882,0.4168,41.084
9.2206,-0.0259,-1.3292,0.4132,41.0769
7.746,0.0506,-0.4286,0.3817,41.08
10.3294,0.0431,-1.0455,0.4378,41.0821
8.8836,-0.0179,-1.1618,0.5186,41.0784
7.8624,0.0568,-0.477,0.4611,41.0731
10.3689,0.0328,-1.0174,0.5163,41.085
8.8375,-0.0259,-0.9861,0.4107,41.081
8.1371,0.0408,-0.7398,0.3938,41.0816
10.2266,0.0053,-0.9512,0.423,41.0799
8.5556,-0.018,-1.0001,0.4794,41.0832
8.2529,0.0505,-0.8099,0.5488,41.0739
10.15,0.0028,-0.7276,0.4007,41.0833
8.7601,-0.0275,-1.0582,0.3986,41.0845
8.0243,0.0444,-0.6106,0.4149,41.0765
10.2306,-0.0376,-0.9373,0.4342,41.081
8.8417,-0.0329,-1.0024,0.4304,41.0767
7.9403,0.0311,-0.6595,0.5007,41.0846
10.3188,-0.0485,-0.9431,0.274,41.0829
9.1108,-0.0349,-1.2456,0.5121,41.0775
7.2989,0.0424,-0.3857,0.4713,41.0779
10.683,-0.0656,-1.0956,0.3437,41.0781
9.4799,-0.0274,-1.2361,0.4626,41.0833
6.8522,0.0392,-0.4787,0.5729,41.0766
10.8633,-0.0686,-1.015,0.27,41.0796
9.7712,-0.027,-1.2456,0.4575,41.0755
6.2968,0.0152,-0.485,0.7458,41.0772
10.7235,-0.0894,-0.6787,0.0821,41.082
10.4267,-0.0396,-1.6584,0.3526,41.0807
6.6443,0.0127,-0.566,0.9901,41.0764
9.9998,-0.0853,-0.5944,0.0594,41.0766
11.2295,-0.0362,-1.6405,0.3295,41.0745
6.247,-0.0016,-0.3392,0.9582,41.0732
10.1051,-0.1129,-1.1307,0.2406,41.075
11.5301,-0.0454,-1.4243,0.1757,41.0818
6.6879,-0.0084,-0.5492,0.6611,41.0799
9.1998,-0.1289,-0.9188,0.7696,41.0692
11.866,-0.0372,-1.3061,-0.0445,41.0753
7.0423,-0.0249,-0.8113,0.4979,41.0775
9.076,-0.1242,-0.7149,0.5928,41.0885
10.7197,-0.0464,-0.9496,0.0978,41.0746
8.2067,-0.015,-0.9861,0.2828,41.0841
8.7046,-0.1257,-0.7424,0.6746,41.0798
9.781,-0.0477,-0.6884,0.2959,41.0797
9.9227,-0.0119,-1.3011,0.3942,41.0739
7.6305,-0.0936,-0.5687,0.3735,41.076
8.9698,-0.051,-0.9472,0.6525,41.064
10.4225,-0.0049,-1.0146,-0.0064,41.0759
7.8443,-0.0587,-0.7211,0.6439,41.0646
8.2247,-0.0225,-0.6433,0.524,41.0713
10.1275,0.0039,-0.8776,0.2452,41.0796
8.1445,-0.0168,-0.5429,0.2247,41.0733
8.0367,-0.0189,-1.01,0.7248,41.0746
9.8921,-0.0081,-0.9168,0.4781,41.0719
8.8861,-0.016,-0.7372,0.5503,41.0819
8.0512,0.0012,-1.0241,0.6163,41.0673
10.1299,-0.059,-0.7694,0.2074,41.074
9.8653,-0.0038,-1.2727,0.6542,41.064
6.456,-0.0044,-0.6055,0.6513,41.0663
10.9887,-0.0874,-1.1326,0.0679,41.0719
11.088,-0.0291,-1.5858,0.3641,41.0711
6.4606,-0.0028,-0.6096,1.0791,41.0645
10.8872,-0.0987,-1.0176,0.276,41.0641
11.2569,-0.0289,-1.3068,-0.0161,41.0697
7.1814,-0.0001,-1.012,0.7236,41.0676
9.7729,-0.1037,-0.5664,0.5323,41.0653
9.8309,-0.0361,-0.7216,0.1464,41.0677
9.5911,0.0304,-1.5817,0.2232,41.0681
7.8998,-0.0758,-0.2343,0.4782,41.0674
8.815,-0.0172,-0.838,0.6884,41.0566
9.7918,0.0433,-0.8699,-0.1293,41.0699
7.6316,-0.0106,-0.3356,0.5507,41.0615
8.6556,0.0025,-1.0568,0.6073,41.0657
9.3447,0.0164,-0.758,0.5976,41.0638
9.0324,0.039,-0.6365,0.5096,41.062
7.6779,0.0405,-1.0199,0.3921,41.0628
10.4041,-0.0269,-0.9626,0.3248,41.0686
10.8213,0.0149,-1.5099,0.5607,41.0652
6.6267,0.0257,-0.7339,0.8987,41.0584
11.5076,-0.0914,-1.1813,-0.0574,41.0642
10.9088,-0.0135,-1.2711,0.27,41.0627
7.5362,0.0321,-1.1104,0.7259,41.0596
10.1328,-0.0756,-0.5575,0.268,41.0661
9.1766,0.006,-0.4997,0.3924,41.0613
9.4822,0.0763,-1.628,0.4186,41.0585
8.0695,-0.0348,-0.3262,0.3494,41.0626
8.9245,0.0216,-0.6737,0.5705,41.0635
8.3205,0.085,-0.6114,0.4325,41.0631
8.3182,0.0508,-0.5432,0.4088,41.0538
8.9043,0.0282,-1.2863,0.4157,41.0564
9.6167,0.0107,-0.68,0.4002,41.0635
10.598,0.0653,-1.2821,0.5816,41.066
6.7213,0.0434,-0.9453,0.9243,41.0523
12.4494,-0.0711,-1.4312,-0.238,41.0653
10.4536,0.0252,-0.9517,0.3422,41.0605
7.3446,0.0495,-1.1195,0.7904,41.0614
10.2394,-0.0917,-0.5016,0.2023,41.0544
9.0754,0.0041,-0.5551,0.3133,41.0667
8.9242,0.0895,-1.198,0.1715,41.0555
7.7793,-0.0084,-0.1233,0.4944,41.0548
9.3193,0.0424,-1.1523,0.6188,41.0501
8.0028,0.0924,-0.5762,0.6813,41.0582
9.9017,0.0691,-1.139,0.342,41.0567
7.4473,0.0346,-0.9557,0.4101,41.0599
11.5988,0.004,-1.2957,0.3403,41.0619
10.916,0.0547,-1.2587,0.3876,41.0509
7.3052,0.031,-0.9024,0.4579,41.0535
11.5846,-0.0942,-1.0361,0.1728,41.0586
8.9792,0.0184,-0.2465,0.2992,41.0598
8.6688,0.0852,-1.5621,0.3838,41.0499
7.6418,0.0028,0.2723,0.5269,41.0467
9.5694,0.0334,-1.0318,0.5565,41.0489
7.6116,0.1193,-0.7397,0.6378,41.0521
10.3449,0.071,-1.0648,0.2377,41.0436
7.1474,0.0382,-0.9066,0.6348,41.0503
12.1854,0.0272,-1.3977,0.3179,41.0552
10.7697,0.0688,-0.944,0.2156,41.0461
7.4023,0.0316,-1.3153,0.5795,41.0436
10.7789,-0.0754,-0.7177,0.2096,41.0539
8.9423,0.0162,-0.1657,0.468,41.0571
8.4964,0.1138,-1.3965,0.0607,41.0529
7.2293,0.0422,0.1426,0.8771,41.048
9.9001,0.0151,-1.2003,0.4946,41.0464
8.2614,0.0968,-0.839,0.6323,41.0461
11.5354,0.1172,-1.6241,0.1765,41.048
6.7186,0.0201,-0.6854,0.9734,41.053
13.6527,-0.0303,-1.5531,-0.1912,41.0404
8.9179,0.0479,-0.3077,0.6375,41.0538
8.9065,0.0925,-1.7735,0.547,41.0537
7.2485,-0.0517,0.4628,0.1548,41.0451
9.8945,-0.0047,-0.7611,0.4999,41.0499
7.0707,0.1605,-0.734,0.6823,41.0454
10.7104,0.1269,-1.2968,0.3066,41.0433
7.2616,0.0027,-1.0886,0.7219,41.0531
12.9837,0.0211,-1.396,0.0527,41.0454
10.2313,0.0957,-0.6343,-0.0421,41.0378
8.2411,0.0697,-1.4218,0.7369,41.0458
8.5538,-0.0919,0.0919,0.4883,41.0465
9.341,-0.012,-0.4405,0.5432,41.0508
7.217,0.1999,-0.7101,0.3008,41.048
9.5996,0.1295,-1.0211,0.7017,41.0448
7.7562,-0.0438,-1.0851,0.4961,41.0485
12.8511,0.0533,-1.6324,0.1229,41.0491
10.5576,0.154,-0.6996,0.1266,41.0387
8.1175,0.0863,-1.2574,0.3416,41.0472
8.831,-0.1094,-0.0903,0.616,41.0555
9.0799,-0.0286,-0.2738,0.6453,41.0482
7.2495,0.1944,-0.6366,0.2532,41.0487
10.2456,0.1232,-1.1121,0.7616,41.0432
7.4102,-0.0766,-1.1185,0.7528,41.0505
13.1654,0.0399,-1.7422,-0.0842,41.0468
10.401,0.1585,-0.4856,0.2811,41.0441
8.5003,0.1093,-1.5,0.4768,41.0487
7.4925,-0.1327,0.3752,0.5716,41.0414
9.4991,-0.02,-0.6299,0.6648,41.0414
7.2293,0.2126,-0.5536,0.3888,41.0445
11.6782,0.1556,-1.5017,0.4012,41.044
6.8982,-0.0867,-1.0705,0.8547,41.0417
13.5248,-0.0366,-1.6492,-0.4406,41.0404
8.7626,0.1252,0.0158,0.6423,41.0426
9.0496,0.1604,-1.627,0.4032,41.0362
6.274,-0.0843,0.6902,0.4502,41.0419
10.0862,-0.0642,-1.1632,0.7008,41.0414
8.0889,0.161,-0.795,0.5509,41.0417
13.4909,0.1796,-1.955,-0.0965,41.0325
7.013,-0.0636,-0.6963,0.7799,41.0325
11.2279,-0.1557,-0.8812,-0.165,41.0443
7.7786,0.0752,0.4385,0.783,41.0306
8.412,0.2038,-1.193,0.1603,41.0365
8.6826,0.0196,-0.363,0.8609,41.0264
8.3022,-0.1424,-1.3827,0.4015,41.0409
12.6615,0.0533,-1.6218,0.1375,41.0353
11.105,0.1699,-0.5409,-0.0758,41.0347
8.3426,0.0619,-1.4362,0.6162,41.0355
6.3845,-0.1862,0.5357,0.5082,41.0371
10.0994,-0.0452,-0.8135,0.8802,41.0317
7.3029,0.1691,-0.8532,0.5401,41.0243
13.9222,0.1381,-1.8117,-0.0858,41.038
7.1074,-0.112,-0.7563,0.7721,41.027
11.2451,-0.1165,-0.8795,-0.0644,41.0365
7.2481,0.0978,0.678,0.8263,41.037
8.4381,0.1569,-1.314,0.1126,41.0438
9.679,-0.0155,-0.4576,0.8577,41.031
8.6102,-0.1579,-1.6257,0.6981,41.0319
12.8239,0.0528,-1.5256,-0.345,41.03
9.0814,0.1408,0.0766,0.4257,41.0232
8.8202,0.0475,-1.5774,0.3964,41.0313
5.9343,-0.1373,0.7427,0.9419,41.0328
10.2179,-0.0231,-1.2299,0.4684,41.0384
9.561,0.1268,-1.5669,0.45,41.031
13.6973,0.1235,-1.5217,-0.0814,41.0393
7.372,-0.0897,-0.7267,0.6354,41.0277
7.8436,-0.1367,0.1246,0.523,41.0296
9.2201,0.0934,-0.4012,0.9471,41.0241
7.0665,0.1252,-1.3472,0.3865,41.022
14.3676,0.0557,-1.8256,0.0406,41.038
7.0622,-0.1304,-0.7176,0.7404,41.02
11.0713,-0.0359,-0.6888,-0.3492,41.034
6.8921,0.118,0.6826,1.0421,41.0194
8.061,0.126,-1.3763,0.3182,41.018
11.8471,-0.0026,-1.1292,0.4319,41.0221
8.1694,-0.0542,-1.2665,0.4995,41.0239
12.671,0.042,-1.4111,-0.3758,41.036
6.6958,0.1218,0.8197,0.8463,41.0221
8.6583,0.0701,-1.2402,0.2,41.0265
9.1042,-0.029,-0.3166,0.8428,41.0266
9.6712,-0.0098,-1.6472,0.5768,41.0214
12.5723,0.0985,-1.5504,-0.5598,41.0317
8.0771,0.1032,0.4737,0.6895,41.0195
8.1444,0.0171,-1.3437,0.3034,41.0238
7.4381,-0.0301,0.2588,1.1743,41.0228
10.4463,0.0566,-1.7436,0.4061,41.0108
12.1583,0.1065,-1.6247,-0.2344,41.0323
9.7599,0.1155,0.2,0.2741,41.023
7.4855,-0.0156,-1.1518,0.5166,41.0173
6.7049,-0.0124,0.3118,1.1526,41.0257
10.5148,0.0746,-1.445,0.5534,41.0207
11.9242,0.1251,-1.9695,-0.1341,41.0213
10.9543,0.1199,-0.1645,0.0719,41.0262
6.9534,-0.0034,-0.7809,0.5065,41.0248
6.616,0.0104,0.2092,1.1233,41.0157
10.4426,0.0644,-1.0902,0.5369,41.0256
11.8363,0.1112,-2.083,-0.0877,41.02
11.285,0.1171,-0.2061,0.102,41.0205
6.9029,-0.0229,-0.7136,0.5063,41.0245
6.6897,0.0286,0.2786,1.192,41.0177
10.5299,0.067,-1.3291,0.4656,41.0252
11.8825,0.1211,-2.0144,0.0462,41.0303
10.7257,0.1266,0.1454,-0.0891,41.0155
7.0198,-0.0066,-0.5838,0.4135,41.0162
6.8874,0.0424,-0.1544,1.222,41.0207
11.1049,0.0716,-1.4943,0.6096,41.0174
12.0138,0.1246,-1.7674,-0.2701,41.0198
9.5046,0.1464,0.5373,0.0484,41.0259
7.1016,-0.0123,-0.8742,0.5881,41.0107
7.6968,0.0422,-0.3924,1.2707,41.0176
11.0896,0.0557,-1.4041,0.6634,41.0141
12.1256,0.1282,-1.5675,-0.5549,41.0185
7.9629,0.1491,0.8081,0.5105,41.0126
7.404,0.0104,-1.0451,0.7455,41.0123
9.5739,0.0697,-0.6982,0.8936,41.021
10.3797,0.0061,-1.158,0.3406,41.0116
11.8771,0.1119,-1.6527,-0.3268,41.0215
6.8865,0.1744,1.232,0.9703,41.0127
7.573,0.0333,-1.2947,0.3311,41.0185
12.0373,0.0833,-1.4311,0.6145,41.009
9.4258,-0.0294,-1.0677,0.2644,41.0095
10.1618,0.1013,-0.5079,-0.3489,41.0216
7.1929,0.199,1.0769,1.2927,41.0102
8.1378,0.0537,-2.0494,0.4606,41.0171
14.0806,0.1161,-1.7819,0.2238,41.0199
8.3872,-0.0557,-0.3193,0.1625,41.014
7.0205,0.0902,0.1288,0.0011,41.0126
9.1491,0.1767,-0.0306,1.4107,41.0092
10.3679,0.064,-2.5853,0.3196,41.0142
13.3437,0.1542,-0.514,-0.3621,41.0126
6.8791,-0.0464,-0.0745,0.559,41.0101
6.1448,0.0625,-0.4758,0.7985,41.0145
11.2295,0.1322,-1.0538,1.1397,41.0057
11.9892,0.0709,-2.1849,-0.6745,41.0118
8.6793,0.1996,0.8723,0.4017,41.0105
7.3877,-0.0211,-0.3517,0.8368,41.0028
9.7529,0.0743,-1.4354,0.7355,41.0119
10.715,0.0103,-1.1385,0.5252,41.0096
10.4894,0.081,-1.047,-0.4266,41.0133
6.7772,0.2133,1.3042,1.0684,40.999
8.5412,0.0049,-1.7809,0.6081,41.0155
13.8811,0.1174,-1.9646,0.1316,41.0068
8.4616,-0.0538,-0.2684,0.4181,41.01
6.2634,0.0616,0.2538,-0.0095,41.0138
9.6602,0.2233,-0.2899,1.3554,41.0045
11.6268,0.0361,-2.5461,-0.0867,41.0151
11.2695,0.1651,-0.1076,-0.1834,41.0084
6.9943,-0.0725,0.307,0.6129,41.0086
8.1403,0.058,-1.1507,0.7909,41.0017
11.1838,0.0881,-1.1573,0.8005,41.0077
11.0871,0.0458,-1.6796,-0.4028,41.0126
6.4259,0.2416,1.5847,0.8094,41.0116
8.8987,-0.0187,-1.4305,0.7571,41.0119
13.7813,0.0934,-2.1044,0.0107,41.0041
8.3461,-0.0466,-0.2585,0.5779,41.0056
6.0889,0.016,0.2917,0.0685,41.0026
9.9221,0.2386,-0.6631,1.1975,41.0023
12.4007,0.0209,-2.3101,-0.1383,41.0043
9.4915,0.1875,0.4411,0.0424,41.0113
7.2463,-0.0345,0.2176,0.9737,41.0106
9.9336,0.0422,-1.8134,0.4724,40.999
11.0797,0.0903,-1.0022,0.8796,40.9993
9.2203,0.0472,-0.6192,-0.3633,41.0057
6.7482,0.2587,1.097,0.9352,40.9969
10.5445,-0.0319,-2.3147,0.5828,41.0072
13.6508,0.1133,-1.3374,-0.2072,41.0041
6.5879,-0.0024,0.6536,0.3589,40.9994
6.8987,0.0534,-0.7624,0.8952,41.0029
11.708,0.2013,-1.0618,0.6789,40.9992
11.7022,0.005,-1.5558,-0.2688,41.0067
5.8526,0.2246,1.3063,0.5994,40.9994
8.8779,-0.0325,-1.1044,0.9899,41.0043
14.2543,0.0571,-2.3333,-0.2348,40.9961
8.3307,0.0317,0.321,0.5377,40.992
5.5446,0.0524,-0.13,0.4334,40.9976
11.3003,0.2656,-0.9581,1.5048,41.0012
12.497,0.0033,-1.7294,-0.9291,40.9992
6.5166,0.1592,1.1878,0.4206,40.9985
8.2203,-0.0118,-0.3682,1.2019,40.9933
12.7564,0.0467,-2.5821,0.0828,40.9916
9.8645,0.0671,-0.0584,0.4252,40.9968
5.8769,0.0359,0.4724,0.1508,40.9949
10.1835,0.2714,-1.1572,1.4076,40.9913
12.6677,-0.0162,-1.8381,-0.5364,40.9997
7.7343,0.1113,0.7378,0.2469,40.9978
7.7335,0.0027,0.1834,0.8681,40.9912
12.4202,0.0528,-2.8747,0.2671,40.9948
9.7496,0.0922,-0.261,0.4716,40.9985
6.4009,0.0278,0.5964,0.3341,40.9922
10.1291,0.2371,-1.3793,1.1708,40.9872
12.7176,-0.0145,-1.9246,-0.259,40.9912
7.1867,0.1127,0.9135,0.2267,40.9906
8.0185,0.0264,0.0027,1.0026,40.996
13.0308,0.0576,-2.8714,0.1811,40.9963
9.0281,0.095,-0.0012,0.3712,40.9911
6.2051,0.0109,0.594,0.3526,40.9963
11.4703,0.2468,-1.4232,1.0813,40.9941
12.3405,-0.0098,-1.4285,-0.605,40.9861
5.6252,0.1307,0.9838,0.7239,40.9791
9.0961,0.0233,-0.7029,0.9559,40.9804
14.0866,0.0668,-2.5474,-0.0294,40.9921
7.5661,0.0851,0.5889,0.4722,40.9839
6.7984,0.0337,-0.2098,0.5411,40.9903
11.6616,0.2304,-1.4618,0.6292,40.98
11.685,-0.0254,-1.0368,-0.2724,40.9864
5.259,0.1653,1.2699,0.9092,40.9906
11.5398,0.0248,-2.0587,0.9624,40.9753
12.7926,0.1016,-1.2452,-0.6106,40.9852
5.7749,0.0539,1.0413,0.2122,40.9831
9.2809,0.0559,-1.3833,0.9361,40.9834
11.9964,0.1844,-1.6167,0.7134,40.9801
8.0282,-0.0243,0.4064,-0.1746,40.9856
7.2818,0.2167,0.464,0.8837,40.9887
14.2098,0.0314,-3.1109,0.2108,40.9846
7.8741,0.1155,0.6304,0.0208,40.9864
6.999,0.0741,0.6699,0.8231,40.9833
13.0438,0.0598,-2.9399,0.0601,40.9869
9.3609,0.1207,-0.1649,0.5619,40.983
5.6953,-0.0003,0.8555,0.5614,40.9826
12.0583,0.2606,-1.6539,0.9298,40.9812
12.1353,0.0044,-0.9322,-0.6207,40.9846
4.7862,0.1534,1.2981,1.0785,40.9828
11.9418,0.0589,-2.0805,1.0813,40.98
12.7833,0.0912,-1.4243,-0.5969,40.9861
5.1373,0.0708,1.2722,0.3468,40.9759
10.6729,0.052,-1.9895,0.8782,40.9782
11.0984,0.1736,-1.2409,0.6155,40.9722
6.5392,-0.0252,1.0664,-0.2959,40.9837
9.6662,0.2074,-0.952,1.0742,40.9722
14.0883,0.0297,-2.295,-0.2687,40.9798
5.2434,0.1297,1.4983,0.3998,40.9848
9.5089,0.0641,-0.7428,1.07,40.97
14.5318,0.0865,-2.3818,-0.4902,40.9819
5.6213,0.0853,1.1818,0.5719,40.9749
9.205,0.0347,-1.2029,0.8016,40.9859
12.0553,0.2015,-1.6517,0.3788,40.9783
7.0241,-0.0249,0.8882,0.0915,40.9736
8.443,0.1866,-0.5857,0.6723,40.9761
14.7016,0.0418,-2.5917,0.089,40.974
5.516,0.1278,1.477,0.3562,40.9787
9.1365,0.0634,-0.6539,0.9555,40.971
14.8327,0.0911,-2.2855,-0.4197,40.9752
