28.929252,0.265153,-2.311226,-4.987139,26.745521
1.5325,-0.0278,0.8234,0.4196,26.9009
-1.7919,-0.0154,2.0567,0.669,26.9032
9.1832,0.094,-2.8694,0.6978,26.9094
3.8357,-0.0675,0.7831,-0.7617,26.9135
-0.0913,0.0339,1.6853,1.2795,26.9052
8.8897,-0.0419,-3.501,0.1208,26.9097
1.7391,0.0515,1.7056,0.0351,26.9161
1.3742,-0.0866,0.9789,0.6662,26.9067
10.3284,0.0727,-3.0375,-0.3745,26.9148
0.3337,-0.0643,1.3936,0.7949,26.9125
-0.4829,-0.003,0.8236,0.3925,26.9067
9.9305,0.0653,-2.486,0.6153,26.9056
1.8351,-0.0598,1.2551,0.0044,26.9065
0.8335,0.0441,1.2177,0.9209,26.9032
9.4364,-0.0338,-3.2751,-0.2623,26.9169
0.1106,0.0302,2.2446,-0.0745,26.9081
2.5264,-0.0806,0.5814,0.8418,26.9068
9.9508,0.0879,-2.6611,-0.4689,26.9139
-0.0315,-0.0651,1.6546,0.8736,26.9048
1.8766,0.016,-0.2977,0.6188,26.9102
9.4213,0.0763,-2.1407,-0.0817,26.9092
-0.0997,-0.0723,1.7027,0.6508,26.9088
1.9529,0.0497,0.5779,1.0529,26.9048
10.4978,-0.0412,-3.1836,-0.9955,26.9166
-2.07,0.0211,3.0021,0.4591,26.9096
3.7425,-0.0503,-0.4075,0.8678,26.9117
9.4923,0.0903,-2.149,-1.0199,26.9216
-0.5405,-0.0917,2.214,0.8633,26.9079
4.7248,0.0004,-1.6332,1.0392,26.9068
7.4659,0.0426,-0.9139,-0.3607,26.9204
-1.1054,-0.0564,1.8788,0.749,26.9001
3.5488,0.0715,-0.491,0.7534,26.9146
9.9366,-0.0428,-2.2741,-0.8554,26.9131
-2.7752,0.0069,2.7577,0.599,26.9053
4.5371,-0.0496,-0.9465,0.9746,26.9016
9.5297,0.0984,-1.8028,-0.935,26.9082
-1.0548,-0.0895,2.3802,0.6833,26.9067
6.0784,0.0338,-2.256,1.2551,26.9018
6.3537,0.037,-0.5946,-0.421,26.9119
-1.6626,-0.0437,2.0501,1.0109,26.9046
5.579,0.0789,-1.4946,0.8851,26.8996
8.2274,-0.0353,-1.3327,-1.2634,26.9153
-2.7052,0.024,2.9194,1.0604,26.9112
6.1476,-0.0652,-2.473,0.6617,26.9082
8.2821,0.0588,-0.4719,-0.6278,26.9077
-1.1659,-0.0839,2.1347,0.4837,26.9067
7.1102,0.0608,-2.7029,1.0337,26.9096
5.0583,0.0133,0.275,-0.1902,26.9103
-1.549,-0.0606,1.8819,0.7198,26.906
7.1064,0.0989,-1.9141,1.2246,26.916
6.5641,-0.0672,-0.3374,-1.373,26.9177
-1.7574,0.0195,2.3996,1.2043,26.9125
7.5087,-0.0316,-2.9388,0.9416,26.9125
6.288,0.0586,-0.0493,-0.9429,26.9192
-0.6387,-0.1112,2.0713,0.7006,26.9125
8.355,0.0791,-2.968,0.3574,26.9116
3.3936,-0.0149,0.4442,0.0183,26.9123
-1.7566,-0.0384,2.2709,0.882,26.9071
8.6155,0.1001,-2.6243,0.8659,26.9051
4.9045,-0.0528,0.3647,-1.2345,26.9226
-0.7482,0.0302,2.0346,1.2676,26.8989
8.6176,-0.0465,-3.3611,0.5114,26.9063
3.7093,0.046,1.0399,-0.2192,26.9136
0.5613,-0.0837,1.4113,0.4812,26.906
9.6339,0.092,-3.2118,0.093,26.9116
1.8368,-0.0423,0.9392,0.3502,26.9105
-1.5892,-0.0196,1.8793,0.4698,26.912
9.5406,0.0902,-2.7367,0.8383,26.9041
3.9668,-0.0709,0.5735,-0.685,26.9157
-0.0276,0.0505,1.8521,1.3922,26.9017
8.9265,-0.0301,-3.4305,0.2489,26.914
1.9616,0.0263,1.4227,0.0117,26.9014
1.5239,-0.0778,1.2325,0.721,26.9012
10.4007,0.0771,-3.2017,-0.4134,26.9108
0.5507,-0.0541,1.3946,0.6108,26.9098
-0.3944,0.0097,1.0263,0.4923,26.9114
10.2355,0.086,-2.6392,0.2832,26.9033
2.2971,-0.0663,1.3812,0.1972,26.9079
0.8618,0.0471,1.0938,1.0593,26.9098
9.6253,-0.0415,-3.2734,-0.2895,26.9074
0.1065,0.0289,2.173,0.3215,26.9106
2.6142,-0.0712,0.4651,0.6628,26.908
10.0755,0.0775,-2.7853,-0.3556,26.9138
0.0599,-0.0706,1.6836,0.6393,26.9078
1.9425,0.015,-0.3478,0.6261,26.9128
9.6747,0.0574,-1.8552,0.05,26.9111
0.33,-0.0634,1.3838,0.4103,26.9058
2.2118,0.0446,0.7076,1.1052,26.9009
10.4566,-0.0487,-3.1789,-0.7949,26.9137
-1.6264,0.0137,2.7408,0.381,26.9143
3.6433,-0.0759,-0.1251,0.9807,26.9138
9.5362,0.0763,-2.2897,-0.9645,26.9191
-0.2821,-0.0805,2.0769,0.7883,26.9033
4.6095,0.0238,-1.5114,1.0721,26.9061
7.8662,0.0635,-1.3417,-0.3608,26.919
-0.8407,-0.0648,2.0283,0.9419,26.9092
3.7048,0.0552,-0.4874,0.6669,26.907
10.2474,-0.0454,-2.3887,-1.0394,26.9166
-2.5954,0.0034,2.8535,0.7137,26.9108
4.6939,-0.0523,-1.1306,0.8183,26.9092
9.6152,0.0774,-1.6386,-0.8039,26.9244
-1.005,-0.0921,2.1913,0.8125,26.9056
5.9671,0.0355,-2.1845,1.2015,26.902
6.607,0.045,-0.5492,-0.228,26.9125
-1.3287,-0.0522,1.9446,0.816,26.908
5.5497,0.0921,-1.2241,0.9521,26.9109
8.6176,-0.0398,-1.4242,-1.1339,26.9171
-2.3855,0.0206,2.7907,0.8463,26.9058
6.1952,-0.0449,-2.2193,0.8063,26.9044
8.593,0.063,-0.8229,-0.8711,26.9081
-1.0688,-0.1122,2.1102,0.8082,26.906
6.9335,0.0536,-2.5513,1.0023,26.9082
5.3914,0.0163,0.0437,-0.2978,26.9041
-1.5014,-0.0337,2.0595,0.975,26.8988
7.2309,0.1129,-2.214,1.1355,26.9012
6.8483,-0.0608,-0.2557,-1.4302,26.9171
-1.7103,0.0298,2.3982,1.0968,26.9074
7.9007,-0.0379,-3.0956,0.9028,26.909
6.42,0.034,0.0388,-0.656,26.9159
-0.472,-0.0959,1.9074,0.5912,26.9137
8.3834,0.0736,-2.9893,0.2792,26.9112
3.5191,-0.0087,0.561,0.0089,26.9138
-1.5401,-0.0414,1.9395,0.7171,26.9157
8.443,0.1014,-2.398,1.0437,26.902
5.3483,-0.0591,0.2077,-1.3642,26.9216
-0.5313,0.043,2.0708,1.2151,26.9024
8.681,-0.0467,-3.2099,0.7635,26.9139
4.3174,0.0351,0.5356,-0.4068,26.9173
0.4332,-0.1117,1.6244,0.5468,26.9071
9.9685,0.0782,-3.3812,0.1848,26.9099
1.906,-0.0324,1.0292,0.1874,26.9038
-1.6711,-0.0059,1.9969,0.8263,26.9063
9.7929,0.097,-3.0005,0.7089,26.9069
3.8864,-0.0648,0.8436,-0.7301,26.9214
0.2505,0.0449,1.6329,1.2683,26.9133
9.2352,-0.0571,-3.5376,0.143,26.9166
1.9501,0.0225,1.6995,0.2337,26.9117
1.953,-0.0914,0.9087,0.708,26.9029
10.5218,0.0836,-3.1166,-0.2533,26.907
0.7379,-0.0557,1.2794,0.64,26.9034
-0.1978,-0.0123,0.6738,0.4041,26.8988
10.2127,0.0666,-2.3719,0.4679,26.9107
2.2639,-0.0707,1.0243,0.0158,26.9114
1.0212,0.055,1.1929,1.2148,26.9067
9.8322,-0.0271,-3.3877,-0.3243,26.9117
0.3677,0.0249,2.1447,0.0412,26.9092
2.7441,-0.0569,0.5012,0.9139,26.9103
10.4146,0.083,-2.9173,-0.4577,26.9154
0.2115,-0.0629,1.5472,0.9611,26.9024
2.2785,0.025,-0.2539,0.6806,26.9128
9.7615,0.0794,-2.1445,-0.0659,26.9125
0.1482,-0.0665,1.8513,0.6139,26.9102
2.3681,0.0582,0.2695,0.9773,26.9034
10.5192,-0.0299,-3.1313,-0.6964,26.9083
-1.6093,0.0255,2.7996,0.3915,26.9123
4.0955,-0.08,-0.4498,0.9386,26.9015
9.5758,0.0872,-2.0261,-0.6754,26.9176
0.0266,-0.0786,1.7639,0.6726,26.9034
4.9258,0.0226,-1.5781,1.2112,26.9097
7.8518,0.059,-1.1884,-0.4494,26.9104
-0.7167,-0.0563,1.6322,0.7788,26.9012
3.8028,0.067,-0.3371,1.0725,26.9078
10.2653,-0.0332,-2.4806,-1.1612,26.9108
-2.4972,0.0144,2.9226,0.7176,26.9077
4.8692,-0.0533,-1.2174,0.964,26.906
9.7967,0.0794,-1.7636,-1.0195,26.9111
-0.8822,-0.0725,2.4032,0.7732,26.9125
6.5245,0.0327,-2.401,1.0704,26.9013
6.4603,0.0367,-0.6136,-0.3329,26.9102
-1.083,-0.0571,2.085,0.9856,26.9001
5.8657,0.0836,-1.6436,0.8595,26.9052
8.4266,-0.0377,-1.1384,-1.145,26.9183
-2.2246,0.0071,2.5935,0.769,26.9044
6.2839,-0.0544,-2.3314,0.7843,26.8921
8.7114,0.0517,-0.8994,-0.5568,26.9054
-0.765,-0.117,2.0848,0.5017,26.9135
7.1685,0.0438,-2.579,1.105,26.9069
5.5602,0.0065,0.0223,-0.4768,26.9111
-1.3789,-0.0486,1.8297,0.889,26.8969
7.4962,0.1086,-2.0542,1.355,26.8954
6.8058,-0.0686,-0.4891,-1.423,26.9165
-1.4147,0.0348,2.4574,1.3952,26.908
7.8846,-0.0364,-3.1244,0.7567,26.9082
6.3281,0.0554,-0.0487,-0.5455,26.9103
-0.2879,-0.0965,1.923,0.64,26.9099
8.7315,0.0685,-3.0306,0.2241,26.9097
3.6869,-0.0198,0.3971,0.118,26.9133
-1.3954,-0.0431,2.2447,0.6403,26.9112
8.8103,0.0861,-2.651,1.007,26.9012
5.3996,-0.0496,0.2915,-1.0982,26.9182
-0.4658,0.0451,1.7789,1.2702,26.9005
8.7809,-0.0494,-3.2669,0.7574,26.9116
4.0739,0.0248,0.8094,-0.2217,26.9081
0.862,-0.0915,1.4005,0.4836,26.907
10.0588,0.0606,-3.3149,0.0068,26.9111
1.9102,-0.0379,0.8828,0.2821,26.8967
-1.2751,-0.0135,1.8142,0.5446,26.907
9.9582,0.0793,-2.8441,0.7695,26.9042
4.1956,-0.0666,0.5848,-0.7208,26.9126
0.4243,0.0444,1.738,1.2609,26.9067
9.2195,-0.0608,-3.5571,0.1512,26.9127
2.2016,0.0233,1.6407,0.0508,26.9033
1.7859,-0.0758,0.9065,0.7044,26.9121
10.7079,0.0855,-3.1352,-0.1922,26.9111
0.9051,-0.0641,1.2495,0.6344,26.9006
-0.1772,0.0019,0.9147,0.3602,26.9056
10.672,0.0714,-2.7292,0.5555,26.9013
2.4041,-0.0658,1.2174,-0.0216,26.9046
1.2002,0.0356,1.0417,1.101,26.8997
10.1411,-0.0421,-3.3675,-0.3645,26.9164
0.1994,0.0244,2.1994,0.0089,26.8989
2.9797,-0.0666,0.3423,1.0149,26.9057
10.4418,0.0769,-2.9194,-0.5234,26.9083
0.2203,-0.0613,1.7499,0.7402,26.8998
2.4716,0.0112,-0.5575,0.8686,26.9146
9.6174,0.0802,-1.9471,-0.0557,26.9074
0.7925,-0.0688,1.3753,0.6334,26.9071
2.5442,0.0386,0.5547,1.0184,26.9027
10.6662,-0.0344,-3.1977,-0.786,26.9175
-1.2677,0.0276,2.649,0.5286,26.9002
3.8304,-0.0703,-0.1973,0.8408,26.9102
9.9566,0.0724,-2.4753,-0.7714,26.9123
-0.0211,-0.0878,1.8931,0.8847,26.9096
4.8842,0.0275,-1.4951,1.2333,26.9096
8.2308,0.0484,-1.3042,-0.4178,26.9113
-0.7737,-0.0642,2.0445,0.8925,26.9075
4.1815,0.065,-0.6399,0.9157,26.9068
10.4261,-0.0411,-2.4086,-0.8435,26.9159
-2.2639,0.0166,2.8622,0.6991,26.8981
5.0485,-0.0584,-1.2907,0.8826,26.9108
9.7004,0.0868,-1.5332,-0.7767,26.9092
-0.5853,-0.091,2.1123,0.7214,26.901
6.3948,0.0137,-2.2146,1.2564,26.8988
6.6356,0.0328,-0.5234,-0.4297,26.9089
-0.8964,-0.0868,1.7343,0.8396,26.907
5.7544,0.0766,-1.2291,1.0221,26.9056
8.923,-0.0328,-1.584,-1.4011,26.906
-2.0314,0.0198,2.6982,0.9301,26.9032
6.3836,-0.052,-2.2802,0.8474,26.9038
9.0421,0.0618,-0.9107,-0.8825,26.9063
-0.9469,-0.1005,2.0094,0.8179,26.9027
7.4083,0.0473,-2.5882,0.876,26.9065
5.5327,0.0026,-0.1762,-0.2152,26.9051
-1.2792,-0.0386,2.0812,0.896,26.9013
7.5716,0.0886,-2.293,1.0628,26.9027
6.8972,-0.051,-0.3279,-1.2588,26.9175
-1.0683,0.0319,2.2416,1.0912,26.9009
8.064,-0.0324,-3.126,0.8603,26.9029
6.5356,0.0432,0.0229,-0.576,26.9076
0.0844,-0.1046,1.6815,0.4722,26.9038
8.4829,0.0592,-2.9356,0.5689,26.9094
4.0013,-0.0206,0.3467,-0.0912,26.9172
-1.3364,-0.0413,1.9312,0.8661,26.9013
8.6241,0.1029,-2.4908,1.2238,26.8982
5.7694,-0.0747,0.0774,-1.5011,26.911
-0.4247,0.0281,2.1158,1.4458,26.8962
9.1384,-0.0363,-3.5151,0.4993,26.9012
4.3284,0.0425,0.7463,-0.277,26.9067
0.7952,-0.087,1.556,0.7478,26.9025
10.3987,0.0749,-3.4604,-0.2474,26.9072
1.847,-0.0329,0.9261,0.4552,26.9093
-1.0627,-0.0278,1.807,0.5929,26.9053
9.9461,0.0849,-2.9733,0.7146,26.9038
4.26,-0.0742,0.7949,-0.5104,26.9101
0.5689,0.0426,1.3521,1.1516,26.8987
9.388,-0.0485,-3.3735,0.2246,26.907
2.3501,0.0302,1.3783,0.1403,26.8989
2.0171,-0.0841,0.8998,0.6803,26.8984
10.8724,0.0807,-3.2981,-0.0485,26.9043
1.2059,-0.059,1.3228,0.4603,26.9104
-0.0528,0.0098,0.7765,0.4629,26.9077
10.7332,0.075,-2.6752,0.3975,26.9135
2.3144,-0.0907,1.1031,0.0249,26.9081
1.2848,0.052,1.2232,1.1627,26.9007
10.2918,-0.0478,-3.6684,-0.5284,26.9079
0.3176,0.0265,2.3626,0.2236,26.9015
3.1463,-0.0808,0.3896,0.8355,26.9052
10.5737,0.0886,-2.7923,-0.4293,26.907
0.5341,-0.088,1.6864,0.9667,26.9031
2.8137,0.0131,-0.6904,0.6057,26.9056
9.7482,0.0552,-1.8107,0.0926,26.9088
0.5384,-0.0677,1.4744,0.7574,26.9081
2.6111,0.0537,0.2584,0.9852,26.8997
10.9993,-0.0149,-3.1122,-0.725,26.9079
-1.5029,0.0302,2.4983,0.2771,26.9063
4.2223,-0.076,-0.1988,1.0357,26.9002
10.1418,0.0711,-2.4431,-0.7169,26.9181
0.0933,-0.069,1.889,0.8596,26.9077
5.2971,0.003,-1.6089,1.3112,26.9085
8.3297,0.039,-1.3317,-0.7299,26.9074
-0.7282,-0.063,1.8233,0.9342,26.8962
4.2095,0.0645,-0.4851,0.9348,26.9007
10.5699,-0.0318,-2.6653,-1.0099,26.9043
-2.3102,0.0123,3.0223,0.7758,26.9058
5.1793,-0.0565,-1.4669,0.7316,26.8968
9.8874,0.0741,-1.5927,-0.9074,26.9078
-0.4566,-0.1029,2.1004,0.9823,26.9058
6.6738,0.0498,-2.42,1.0821,26.9019
6.8547,0.0236,-0.5254,-0.2265,26.9034
-0.8413,-0.0561,1.8182,0.9549,26.8959
6.082,0.0821,-1.6133,0.9774,26.9002
8.8546,-0.0459,-1.2431,-1.3023,26.9153
-2.0799,0.0205,2.5153,0.9941,26.9068
6.7733,-0.0492,-2.5708,0.8858,26.9028
8.8212,0.0555,-0.7829,-0.7626,26.9135
-0.622,-0.1244,2.0927,0.67,26.9072
7.6039,0.036,-2.8,0.8853,26.8957
5.5545,0.0232,-0.0321,-0.4105,26.9056
-0.9358,-0.0375,1.7955,0.9701,26.8988
7.9385,0.1008,-2.0911,1.1568,26.9015
6.8956,-0.0447,-0.4783,-1.4359,26.9087
-1.0698,0.0024,2.3083,1.2854,26.8998
8.1066,-0.0425,-3.1772,0.89,26.9064
6.598,0.0421,-0.0984,-0.6195,26.9088
0.0532,-0.1013,1.7468,0.6089,26.9105
8.8581,0.072,-3.1753,0.2835,26.9064
4.0899,-0.0017,0.4688,-0.0015,26.8985
-1.2815,-0.0216,2.0353,0.7122,26.9018
9.1531,0.0899,-2.7508,0.9705,26.9021
5.6604,-0.0494,0.2112,-1.1527,26.9189
-0.0881,0.0505,1.7836,1.3388,26.9027
9.1676,-0.0348,-3.3659,0.6676,26.9079
4.0248,0.0354,0.7358,-0.1479,26.9123
1.2887,-0.1065,1.3013,0.6017,26.898
10.2933,0.0695,-3.3381,-0.0246,26.9086
2.1912,-0.0486,0.7861,0.4588,26.8975
-0.9403,-0.0159,1.6137,0.495,26.902
10.1057,0.1002,-2.7615,0.7688,26.9017
4.6053,-0.0672,0.4732,-0.4891,26.91
0.6185,0.04,1.6898,1.2881,26.9066
9.5567,-0.0506,-3.5995,0.1328,26.9068
2.3377,0.0464,1.3898,0.1785,26.9045
2.099,-0.0803,0.8573,0.814,26.8969
10.9829,0.0732,-3.3603,-0.3989,26.9045
1.0102,-0.0673,1.2577,0.7559,26.9002
0.293,-0.0055,0.6502,0.4738,26.9063
10.9378,0.0828,-2.6994,0.4639,26.9089
2.3917,-0.0562,1.2548,0.1636,26.9098
1.7033,0.0325,0.7856,1.0288,26.9085
10.3637,-0.0175,-3.421,-0.1842,26.9086
0.465,0.0189,2.2516,0.1653,26.9049
3.3237,-0.0714,0.1362,0.8864,26.8948
10.5144,0.0664,-2.7617,-0.4947,26.9076
0.7064,-0.0788,1.4941,0.909,26.9081
2.6707,0.0161,-0.4462,0.765,26.9043
9.977,0.0474,-2.0033,0.0629,26.9101
0.8497,-0.0498,1.4929,0.5448,26.9027
2.776,0.0483,0.429,1.1123,26.8964
11.2452,-0.0179,-3.3692,-1.0391,26.9229
-1.3935,0.0193,2.7227,0.4544,26.9002
4.3454,-0.0793,-0.312,0.8902,26.9018
10.1893,0.0773,-2.5523,-0.8458,26.9207
0.0557,-0.0803,2.0554,1.1536,26.8991
5.4016,0.0216,-1.9192,1.2387,26.9054
8.2552,0.05,-1.1655,-0.32,26.9157
-0.4514,-0.0479,1.8739,0.9647,26.903
4.516,0.0676,-0.8372,0.813,26.8997
10.5531,-0.0166,-2.2227,-0.866,26.9029
-1.8836,0.0199,2.5934,0.8034,26.8966
5.2873,-0.0547,-1.2475,0.9498,26.9009
10.0632,0.0798,-1.705,-0.8509,26.9137
-0.3505,-0.1107,2.0346,0.8015,26.9058
6.5393,0.0176,-2.3674,1.3806,26.8909
7.156,0.0303,-0.6876,-0.4185,26.907
-0.9844,-0.0461,1.8802,1.0004,26.899
6.3382,0.0744,-1.4471,0.9399,26.9071
9.0123,-0.0284,-1.5891,-1.2414,26.9063
-1.9846,0.0398,2.8899,1.2417,26.8944
7.1497,-0.0545,-2.6221,0.5769,26.9063
8.8059,0.0681,-0.7162,-0.6067,26.913
-0.4694,-0.1318,2.0115,0.7192,26.8995
7.7907,0.0389,-2.9603,0.8965,26.8982
5.536,0.0118,0.2647,-0.1009,26.9034
-0.9667,-0.0369,1.8731,0.7344,26.8955
8.0057,0.0909,-2.1993,1.1741,26.9028
6.9648,-0.0466,-0.401,-1.3632,26.9178
-0.8164,0.0237,2.1441,1.183,26.9041
8.5254,-0.0374,-3.0653,1.089,26.9061
6.6004,0.0583,-0.0629,-0.6979,26.9135
0.3044,-0.1209,1.8473,0.743,26.9034
9.0953,0.0862,-3.25,0.5377,26.8989
3.9644,-0.0385,0.4262,-0.0089,26.9023
-1.1925,-0.0231,1.9067,0.8844,26.8969
9.2301,0.1051,-2.7021,1.1387,26.8967
5.5202,-0.069,0.1874,-1.1576,26.9179
0.1861,0.0273,1.9203,1.3879,26.8991
9.4203,-0.0395,-3.578,0.4214,26.8976
4.0347,0.0351,0.9118,0.0163,26.8973
1.5382,-0.0948,1.1687,0.4964,26.907
10.6237,0.0822,-3.332,0.027,26.9049
2.0861,-0.0342,0.9399,0.5329,26.9049
-0.9545,-0.0289,1.5349,0.346,26.9029
10.5897,0.0924,-3.0166,0.7799,26.9023
4.2521,-0.074,0.7463,-0.5416,26.9117
0.8127,0.0592,1.3388,1.2571,26.9009
9.7533,-0.0312,-3.3593,0.205,26.9047
2.2,0.0371,1.4417,0.0012,26.904
2.6057,-0.1144,0.9268,0.8189,26.9
11.1236,0.0664,-3.2945,-0.4124,26.9093
1.1064,-0.0668,1.2801,0.8566,26.9027
0.801,-0.003,0.359,0.6649,26.9029
10.7768,0.0791,-2.529,0.3662,26.8995
2.3505,-0.055,1.1026,0.2964,26.906
1.8093,0.0267,0.9759,1.1006,26.9019
10.4397,-0.0453,-3.5672,-0.3799,26.9128
0.4438,0.0023,2.3221,0.3362,26.9028
3.5077,-0.0762,0.1965,0.7796,26.9085
10.6274,0.074,-2.758,-0.658,26.9132
0.9116,-0.0707,1.5704,1.0497,26.8923
3.3468,0.0017,-0.7869,0.7618,26.9005
9.9542,0.0542,-1.9104,-0.1093,26.9023
0.3239,-0.0507,1.5318,0.6246,26.9031
3.2982,0.0493,0.0623,1.0833,26.893
11.2485,-0.0218,-3.135,-0.7814,26.9053
-1.6208,0.0327,2.5763,0.3381,26.9001
4.749,-0.063,-0.5157,1.1414,26.9013
10.2237,0.082,-2.2583,-0.754,26.912
0.328,-0.0919,1.9445,0.817,26.897
5.8847,0.0182,-1.9237,1.3096,26.8997
8.062,0.0847,-1.0911,-0.538,26.9061
-0.2512,-0.0661,1.6274,0.9705,26.902
4.7079,0.0599,-0.7266,0.9619,26.9118
10.4955,-0.0388,-2.5209,-1.2071,26.9035
-2.0059,0.0027,2.8256,0.9839,26.8993
5.502,-0.0633,-1.6244,0.8702,26.9058
10.2088,0.0768,-1.6214,-0.7908,26.9084
-0.4286,-0.1094,2.1034,0.945,26.9049
7.1117,0.0349,-2.6088,0.8682,26.8994
6.9416,0.0463,-0.4974,-0.3588,26.9066
-0.7287,-0.0415,1.804,0.9344,26.9002
6.9274,0.0672,-1.9736,1.0602,26.898
8.462,-0.0365,-1.0068,-1.1158,26.9114
-1.4759,-0.0003,2.4965,1.0487,26.8963
7.3178,-0.0489,-2.7383,0.9653,26.9009
8.505,0.0301,-0.5772,-0.7778,26.9099
-0.1701,-0.1097,1.804,0.5884,26.9088
7.9398,0.063,-2.8646,0.9574,26.8909
5.5561,0.0152,-0.0859,-0.2543,26.9046
-0.7774,-0.0423,1.9296,0.8681,26.9034
8.5192,0.0821,-2.3408,1.2256,26.9031
6.9541,-0.0576,-0.2919,-1.5824,26.9083
-0.7946,0.0245,2.263,1.588,26.8937
8.7115,-0.0211,-3.4494,0.826,26.9025
6.3406,0.0465,0.0699,-0.7495,26.9051
0.3827,-0.1064,1.7165,0.7429,26.8988
9.6353,0.0526,-3.395,0.09,26.9071
3.5735,-0.0245,0.5521,0.3745,26.9
-0.8777,-0.0292,1.743,0.5644,26.9024
9.6717,0.0983,-2.7065,0.9372,26.9016
5.4429,-0.0503,0.173,-0.8912,26.9036
0.5799,0.034,1.657,1.226,26.8936
9.3364,-0.0388,-3.4574,0.6544,26.9068
3.9878,0.0321,0.8005,-0.058,26.903
1.6386,-0.0933,1.2481,0.4752,26.9093
10.7809,0.0741,-3.3558,0.0697,26.8986
2.2206,-0.0388,0.9085,0.5682,26.9005
-0.8405,-0.0122,1.5753,0.544,26.904
10.9138,0.0797,-2.9996,0.5562,26.9003
4.2603,-0.0686,0.6638,-0.2793,26.8985
1.0646,0.0331,1.5774,1.2696,26.9034
10.0947,-0.0478,-3.9069,-0.0217,26.9056
1.8393,0.0245,1.8706,0.3594,26.8965
2.8016,-0.0795,0.5549,0.6936,26.8991
11.2758,0.0691,-3.2664,-0.202,26.9008
1.0242,-0.0547,1.4488,0.9852,26.9014
1.1072,0.0093,0.1739,0.4121,26.9044
10.8693,0.0572,-2.42,0.3955,26.9018
2.3179,-0.0636,1.0846,0.2326,26.9005
2.228,0.0449,0.6726,1.19,26.898
10.7898,-0.0205,-3.3848,-0.2232,26.9045
0.2908,0.0158,2.1423,0.09,26.9059
3.674,-0.0843,0.1709,0.9202,26.907
10.78,0.0565,-2.8852,-0.4271,26.9045
0.7091,-0.0576,1.5839,0.8384,26.8932
3.7161,0.0067,-0.8685,0.8819,26.9031
9.8701,0.0494,-1.9448,-0.2145,26.9013
0.4539,-0.045,1.554,0.8664,26.9048
3.638,0.0615,0.1366,1.0334,26.8977
11.3456,-0.0299,-3.4465,-0.822,26.9126
-1.3961,0.0191,2.86,0.7895,26.9021
4.9238,-0.0929,-0.8029,0.817,26.9042
10.2456,0.0852,-2.1834,-0.7378,26.9096
0.3681,-0.1096,1.8189,0.9844,26.9002
6.0376,0.0207,-2.0955,1.287,26.9027
7.9323,0.0436,-0.9845,-0.3452,26.9038
-0.2787,-0.0632,1.6742,0.8245,26.9061
5.1008,0.0609,-1.1098,0.9905,26.8969
10.4885,-0.0297,-2.1213,-1.1336,26.9162
-1.8034,0.0127,2.5025,0.9308,26.8967
6.0401,-0.0525,-1.7377,1.0231,26.9038
10.1689,0.0579,-1.5862,-0.9381,26.9022
-0.4266,-0.1005,2.1118,1.0079,26.9018
7.3019,0.0155,-2.5761,1.0684,26.898
6.7801,0.0308,-0.5896,-0.3015,26.9031
-0.5798,-0.0625,1.8181,0.8695,26.9002
7.1199,0.0587,-1.7113,0.9872,26.9015
8.4203,-0.0272,-1.2274,-1.243,26.9121
-1.2346,0.0296,2.4704,1.1701,26.9005
7.6174,-0.0287,-2.86,0.7919,26.9035
8.5145,0.0565,-0.4678,-0.6007,26.9103
-0.0689,-0.1366,1.8372,0.6704,26.9015
8.3559,0.0456,-3.0535,0.8894,26.9037
5.3947,0.0093,0.1548,-0.1324,26.904
-0.8699,-0.0384,1.7205,0.8269,26.892
8.658,0.0795,-2.4912,1.1358,26.8955
6.7912,-0.041,-0.1581,-1.3362,26.9067
-0.313,0.0253,1.9619,1.457,26.8995
9.1253,-0.0539,-3.3994,0.8907,26.902
5.8266,0.0534,0.1334,-0.5137,26.9043
0.9957,-0.1201,1.5985,0.6378,26.9051
9.9135,0.0569,-3.3256,0.2162,26.9021
3.4381,-0.0382,0.441,0.3055,26.9048
-0.8504,-0.0393,1.9074,0.714,26.8982
9.8042,0.0999,-2.7137,0.933,26.8994
5.4396,-0.0716,0.2273,-0.9778,26.9147
0.6816,0.0505,1.7342,1.4697,26.8947
9.7319,-0.0298,-3.6324,0.4257,26.9033
3.6601,0.0415,1.0128,-0.0306,26.9081
1.9097,-0.093,1.0309,0.6925,26.8997
11.2815,0.0702,-3.6832,-0.0412,26.9042
1.9406,-0.038,1.1132,0.6935,26.9005
-0.3683,-0.0112,1.1807,0.4533,26.9047
11.1192,0.071,-2.9314,0.6766,26.9025
3.6633,-0.057,0.7805,-0.1768,26.9075
1.4737,0.0451,1.2157,1.1137,26.8953
10.2133,-0.0356,-3.6872,0.0279,26.9047
1.6908,0.0388,1.9337,0.116,26.8977
3.2622,-0.0826,0.4216,0.7126,26.8995
11.1482,0.0839,-3.1073,-0.2476,26.9014
1.3643,-0.0669,1.2535,0.8357,26.8944
1.8011,-0.0109,0.0074,0.7014,26.8979
10.8699,0.061,-2.4605,0.3934,26.8981
1.8612,-0.0486,1.1857,0.3443,26.9005
2.3883,0.0464,0.6851,1.1475,26.8951
11.1434,-0.0244,-3.7576,-0.5724,26.9078
-0.2248,0.0154,2.4551,0.3973,26.8967
4.1618,-0.0712,-0.0164,0.9426,26.8876
10.7578,0.0809,-2.8248,-0.742,26.9074
0.6913,-0.084,1.8275,1.0595,26.9013
4.7489,-0.0035,-1.5493,0.683,26.9031
9.5316,0.0369,-1.5906,-0.12,26.905
0.1964,-0.07,1.5638,0.8335,26.9081
4.0244,0.0453,-0.4251,0.8863,26.9002
11.2978,-0.0087,-2.8808,-0.8298,26.9063
-1.5506,0.0155,2.5198,0.6803,26.905
5.1698,-0.0548,-0.7196,0.9416,26.8991
10.411,0.0702,-2.1245,-0.899,26.9122
0.354,-0.0984,1.8529,0.8641,26.8944
6.5332,0.0219,-2.1424,1.3898,26.9046
7.9791,0.0501,-1.0049,-0.6106,26.9095
-0.3718,-0.0494,1.7644,1.1019,26.8943
5.7641,0.0892,-1.1982,0.9639,26.8999
10.1341,-0.0219,-2.0432,-1.2295,26.9141
-1.8976,0.0151,2.7869,1.1743,26.8987
6.4529,-0.0382,-2.2699,0.7627,26.9045
9.9058,0.0658,-1.1466,-0.6326,26.902
-0.1397,-0.1174,2.0994,0.8768,26.9067
7.6571,0.0378,-2.959,0.9298,26.9012
6.5929,0.0295,-0.1584,-0.2179,26.9073
-0.356,-0.0286,1.5655,0.8434,26.8999
7.6419,0.082,-2.0,1.2109,26.8959
8.0545,-0.0585,-0.8386,-1.2311,26.9041
-0.9275,0.0185,2.2047,1.147,26.9005
8.0527,-0.0484,-2.8503,1.0617,26.8962
8.0425,0.0383,-0.6176,-0.7732,26.9111
0.1492,-0.1238,1.9038,0.775,26.9053
8.6594,0.0578,-3.0378,0.6909,26.8967
5.3391,-0.0019,0.1157,-0.2635,26.906
-0.7989,-0.0513,1.9099,0.98,26.8908
9.2353,0.077,-2.5499,1.0746,26.8996
6.5073,-0.0594,-0.2466,-1.1762,26.9162
-0.0387,0.0182,2.2057,1.4588,26.8962
9.3026,-0.0376,-3.6524,0.7647,26.8962
5.5032,0.0431,0.5308,-0.1419,26.9084
1.2247,-0.108,1.3718,0.6706,26.8991
10.1114,0.0564,-3.4585,0.1008,26.9045
3.3223,-0.029,0.5733,0.4483,26.8932
-0.6587,-0.0196,1.7372,0.5681,26.8971
10.224,0.0938,-2.8532,0.8914,26.8912
5.4152,-0.0614,0.384,-0.8415,26.9052
0.9035,0.0231,1.4993,1.258,26.8928
9.8154,-0.058,-3.5701,0.6129,26.9004
3.503,0.0202,0.963,0.0004,26.9041
2.2995,-0.0847,1.0703,0.7424,26.8965
11.1836,0.084,-3.5897,-0.1634,26.9042
1.8344,-0.0775,0.9114,0.6363,26.9034
-0.0037,-0.0145,0.9791,0.529,26.8989
11.2223,0.0819,-2.9716,0.5107,26.8962
3.7972,-0.0486,0.8235,-0.0654,26.8995
1.7167,0.0382,1.3324,1.1977,26.8924
10.3699,-0.0293,-3.8984,-0.1909,26.9013
1.705,0.0319,1.9866,0.2389,26.9001
3.2869,-0.0963,0.334,0.8749,26.8928
11.2622,0.0683,-3.2086,-0.3145,26.9027
1.2535,-0.0616,1.4068,0.9697,26.903
2.0378,0.0247,-0.1547,0.5746,26.8931
10.9408,0.09,-2.3947,0.2762,26.9014
1.7412,-0.0456,1.1823,0.4996,26.902
2.8683,0.0278,0.4202,1.1565,26.9018
11.3339,-0.0276,-3.3688,-0.5491,26.9016
-0.2919,0.0255,2.2877,0.2765,26.8994
4.5758,-0.0835,-0.1341,1.0729,26.8943
10.6405,0.066,-2.8043,-0.6011,26.9044
0.747,-0.0743,1.8549,0.8083,26.8996
4.9023,0.0077,-1.5371,1.1503,26.9015
9.4053,0.0762,-1.6462,-0.2302,26.9089
0.3412,-0.0455,1.5631,0.9585,26.8907
4.2229,0.0509,-0.3423,0.8835,26.8959
11.4726,-0.0344,-3.0554,-1.0138,26.9096
-1.3988,0.0119,2.7037,0.8068,26.9047
5.3611,-0.056,-1.0215,0.7704,26.8969
10.5844,0.0702,-2.0557,-0.6236,26.9091
0.1868,-0.101,1.9784,0.9704,26.8855
6.7698,0.0271,-2.3814,1.1511,26.8944
7.8785,0.0336,-0.9537,-0.3691,26.8977
-0.5155,-0.059,1.6814,0.8362,26.8944
6.2589,0.0568,-1.3278,0.9433,26.8988
9.8585,-0.0309,-1.8636,-0.9369,26.9076
-1.4764,0.0315,2.6647,0.8341,26.8973
6.9366,-0.0587,-2.215,0.8136,26.8999
9.8583,0.053,-1.135,-0.751,26.9042
-0.061,-0.1008,1.8949,0.7212,26.895
7.6944,0.0471,-2.7366,1.185,26.8865
6.553,0.0312,-0.4785,-0.2809,26.9023
-0.4553,-0.0418,1.9281,0.9679,26.8952
7.8965,0.0946,-2.2246,1.1257,26.8987
8.0095,-0.0293,-0.8827,-1.2834,26.9058
-0.8171,0.0227,2.3148,1.3331,26.8975
8.5589,-0.0449,-3.2858,0.9106,26.8941
7.8461,0.0517,-0.2302,-0.5344,26.8969
0.3286,-0.1148,1.7821,0.8868,26.9005
9.2001,0.0533,-3.3321,0.5035,26.9112
4.7994,-0.008,0.3634,0.1197,26.896
-0.5618,-0.0387,1.5837,0.6799,26.8972
9.3082,0.0845,-2.5493,1.2962,26.8966
6.1852,-0.0464,-0.0282,-1.2465,26.9005
0.4987,0.0221,1.8077,1.2638,26.8937
9.4931,-0.0552,-3.3948,0.9418,26.8908
5.2708,0.0415,0.3364,-0.3063,26.8974
1.5575,-0.1057,1.4647,0.6724,26.8975
10.6277,0.0672,-3.3564,0.0522,26.894
3.1712,-0.0487,0.4808,0.5019,26.8955
-0.7367,-0.0243,1.8205,0.8098,26.9017
10.6487,0.0852,-3.2148,0.8097,26.8986
5.0742,-0.0672,0.4748,-0.6734,26.9086
1.0783,0.0435,1.4615,1.389,26.8983
10.1055,-0.0282,-3.8849,0.1327,26.9042
3.0847,0.0327,1.4603,0.2123,26.9085
2.7445,-0.0802,0.8007,0.6647,26.8947
11.4994,0.0547,-3.478,-0.2877,26.9045
1.6996,-0.0611,1.1559,0.7392,26.8997
0.6999,-0.0035,0.4691,0.4795,26.9074
11.1829,0.084,-2.6392,0.6149,26.8996
3.2517,-0.0577,0.8429,-0.0256,26.9032
2.0509,0.0478,0.854,1.1809,26.893
10.5417,-0.029,-3.5258,-0.2453,26.9038
1.4261,0.0346,1.7924,0.2737,26.9018
3.613,-0.0774,0.426,1.0076,26.8941
11.3307,0.0734,-3.1231,-0.2769,26.8933
1.3874,-0.077,1.3495,0.8786,26.8971
2.9423,-0.0041,-0.4978,0.8091,26.9014
10.8052,0.063,-2.2662,-0.1061,26.9015
1.2083,-0.0473,1.4662,0.7026,26.898
3.4108,0.0541,0.2613,0.9258,26.9013
11.4856,-0.0376,-3.6097,-0.6778,26.9047
-0.8171,0.0257,2.6669,0.5359,26.8984
4.9476,-0.0954,-0.5251,1.0512,26.8998
10.5895,0.0626,-2.5032,-0.6354,26.9054
0.8987,-0.0747,1.7984,1.0572,26.8957
5.7846,0.0245,-1.9269,1.2467,26.8882
8.9802,0.0501,-1.2944,-0.1448,26.8975
0.2158,-0.0557,1.4915,0.8553,26.8885
4.6883,0.0689,-0.7543,0.9228,26.8917
11.2625,-0.0202,-2.6624,-0.9345,26.9008
-1.5273,0.0054,2.5755,0.7519,26.8987
5.6317,-0.0497,-1.2189,1.0434,26.8959
10.708,0.0686,-2.1217,-0.8197,26.9038
0.0896,-0.1063,2.1505,1.0555,26.8897
7.413,0.0355,-2.5815,1.1639,26.8953
7.5586,0.0272,-0.9524,-0.4844,26.908
-0.3094,-0.0596,1.886,1.1542,26.8846
6.9523,0.0571,-1.6084,0.9668,26.897
9.3519,-0.0304,-1.6451,-1.1839,26.899
-1.2812,0.0057,2.5585,1.0842,26.897
7.1951,-0.0484,-2.7703,0.814,26.8967
9.4986,0.0693,-0.8782,-0.6998,26.9032
0.0788,-0.113,1.7498,0.8287,26.8977
8.1647,0.0549,-2.9793,1.0257,26.899
6.3092,0.0083,-0.064,-0.2132,26.8955
-0.3786,-0.0479,1.5431,0.8329,26.8989
8.5951,0.0757,-2.3741,1.25,26.8917
7.6746,-0.0449,-0.5936,-1.382,26.9073
-0.5218,0.0473,2.1674,1.3212,26.8973
8.9228,-0.0605,-3.2939,1.176,26.8968
7.2471,0.0506,-0.1937,-0.7632,26.8995
0.6575,-0.1155,1.742,0.6992,26.9088
9.5061,0.056,-3.2831,0.3806,26.8997
4.5006,-0.0145,0.195,0.0953,26.9023
-0.3896,-0.0203,1.9008,0.9628,26.9003
9.7123,0.0943,-2.9542,1.0314,26.8966
