-10.242244,0.044826,-1.086109,-2.827065,28.455527
4.3122,-0.1477,0.3684,0.5087,28.4323
6.9677,0.1923,-1.4921,-0.0165,28.4334
3.4891,-0.0994,0.0183,0.6972,28.4258
7.4251,0.0846,-0.9439,0.0876,28.437
2.8141,0.0398,-0.6034,0.4207,28.4297
7.5511,-0.0385,-0.5796,0.3348,28.4317
3.3941,0.1626,-0.9274,0.5907,28.4342
6.9014,-0.1066,-0.2549,0.3843,28.4338
4.5701,0.2224,-1.4706,0.2629,28.4409
5.136,-0.1546,0.1091,0.4514,28.4361
5.4652,0.2385,-1.5103,0.1059,28.4233
4.8893,-0.1524,0.2573,0.565,28.441
6.632,0.2158,-1.3807,-0.126,28.4402
3.6411,-0.1197,-0.0919,0.8307,28.4273
7.394,0.115,-0.9358,0.1192,28.4417
3.0576,0.0104,-0.6104,0.4463,28.4291
7.5858,-0.0169,-0.6751,0.208,28.4331
3.0015,0.1336,-0.7435,0.6459,28.4406
7.4083,-0.0815,-0.426,0.3317,28.4323
4.0468,0.2099,-1.1518,0.2502,28.4318
5.7508,-0.1448,-0.0449,0.4383,28.4243
4.9223,0.2409,-1.3687,0.0659,28.4381
5.3619,-0.1528,0.1254,0.6552,28.4233
6.4305,0.2346,-1.5072,-0.1143,28.444
3.6729,-0.1341,0.1437,0.8363,28.4251
7.4351,0.1359,-1.0804,0.1475,28.4384
2.9909,-0.0181,-0.4905,0.4013,28.4306
7.9648,0.0034,-0.8548,0.2513,28.4399
2.4577,0.1068,-0.4181,0.5616,28.4248
7.8794,-0.0537,-0.5795,0.338,28.4289
3.5575,0.1921,-0.9356,0.2844,28.4363
6.4097,-0.1358,-0.2355,0.4164,28.4323
4.5444,0.2385,-1.2492,0.1056,28.4292
5.5806,-0.1613,0.009,0.5791,28.4316
6.5142,0.2465,-1.6125,-0.0053,28.4295
3.513,-0.1541,0.2958,0.7753,28.4313
7.4612,0.1625,-1.1938,0.1883,28.4305
2.8892,-0.0467,-0.2793,0.4028,28.4262
8.1955,0.0257,-1.0925,0.2051,28.4407
2.2763,0.0738,-0.2136,0.5807,28.4302
8.0097,-0.0361,-0.7203,0.4181,28.4357
3.4022,0.1649,-0.6968,0.3014,28.4376
6.8649,-0.1242,-0.3566,0.3647,28.4282
4.2937,0.2337,-1.1818,0.2046,28.4399
5.7356,-0.1646,-0.0024,0.5102,28.4342
6.4831,0.2566,-1.744,0.0604,28.4309
3.6092,-0.1666,0.4668,0.7368,28.4265
7.2554,0.1763,-1.3172,0.1182,28.4346
3.0092,-0.0792,-0.2174,0.5416,28.4342
8.1915,0.0516,-1.1889,0.0872,28.4387
2.3833,0.0343,-0.0507,0.6098,28.4292
7.9144,-0.0002,-0.7581,0.3342,28.4443
3.3724,0.1321,-0.7557,0.3696,28.4325
7.1405,-0.1028,-0.2615,0.3481,28.4266
4.0717,0.2238,-1.2121,0.3197,28.4345
5.8326,-0.1693,-0.011,0.4147,28.4426
6.4733,0.2485,-1.8074,0.1717,28.4345
3.7239,-0.1668,0.5343,0.645,28.4327
6.9695,0.1834,-1.3615,0.0603,28.4325
3.2138,-0.0944,-0.0913,0.5534,28.4316
7.8891,0.0643,-1.2203,0.0872,28.4354
2.8442,0.0069,0.0741,0.5473,28.4273
7.7414,0.0098,-0.9647,0.3509,28.4313
3.2763,0.1078,-0.6581,0.443,28.432
7.5679,-0.0897,-0.2768,0.3582,28.4311
3.7589,0.2219,-1.2799,0.347,28.4217
6.2198,-0.1754,0.117,0.3569,28.4327
6.0216,0.2465,-1.8328,0.2763,28.4278
4.1607,-0.1789,0.5671,0.6116,28.4279
6.7523,0.2077,-1.524,-0.1044,28.4298
3.3963,-0.12,0.0273,0.7592,28.4278
7.3802,0.1011,-1.1926,-0.0228,28.437
3.5855,-0.044,0.0026,0.6622,28.436
7.4361,0.0402,-0.8992,0.2489,28.428
3.1237,0.0548,-0.6164,0.4535,28.4339
7.9198,-0.0601,-0.3292,0.3853,28.4319
3.4226,0.1907,-1.2123,0.3929,28.4298
6.623,-0.1544,0.0913,0.3047,28.43
5.4853,0.2385,-1.7959,0.3754,28.4369
4.7099,-0.1822,0.5403,0.5848,28.4204
6.6267,0.2264,-1.6179,-0.1573,28.4387
3.6121,-0.144,0.1527,0.8254,28.4331
7.0022,0.1418,-1.1738,-0.0765,28.4377
3.9635,-0.0604,0.0456,0.7529,28.436
7.2295,0.0718,-1.0243,0.1487,28.4245
3.1057,0.0229,-0.4665,0.4542,28.4336
8.0961,-0.0302,-0.4656,0.3836,28.4402
3.0095,0.153,-1.1061,0.4507,28.4298
7.2071,-0.1172,0.0426,0.2836,28.4404
4.905,0.2143,-1.5853,0.2352,28.4407
5.2031,-0.1562,0.3455,0.667,28.4425
6.711,0.218,-1.6595,-0.1221,28.4347
3.5609,-0.1362,0.2099,0.8113,28.428
6.8801,0.1481,-1.2473,-0.0253,28.4405
3.985,-0.0655,0.019,0.7296,28.4256
7.4297,0.0802,-1.052,0.1887,28.4375
3.0441,0.0067,-0.3094,0.4011,28.4308
8.1622,-0.0154,-0.6029,0.3671,28.4461
2.5839,0.1384,-0.8617,0.3624,28.4325
7.7433,-0.1086,-0.1688,0.4573,28.4389
