6.135631,0.108622,-1.956587,-9.597446,27.929371
5.0415,0.0214,-0.5456,0.323,27.8638
5.0793,-0.0073,-0.4949,0.4203,27.8616
5.0746,0.0149,-0.485,0.3591,27.8651
5.067,0.002,-0.5651,0.3902,27.8707
5.0491,0.0253,-0.5423,0.25,27.8663
5.5113,0.0036,-0.5754,0.308,27.8672
4.5766,-0.0045,-0.4585,0.4536,27.8503
5.5371,0.0306,-0.5616,0.3387,27.8739
5.0874,-0.0161,-0.5379,0.3399,27.868
5.0588,0.0187,-0.4841,0.3224,27.8709
5.2322,0.0014,-0.6307,0.3708,27.868
4.7169,0.01,-0.3837,0.3224,27.8742
5.5202,-0.0099,-0.6035,0.3876,27.8605
4.7832,0.0528,-0.4989,0.3369,27.8696
5.5929,-0.0341,-0.5609,0.3063,27.8667
5.0792,0.0374,-0.5079,0.3864,27.8667
5.0059,0.0041,-0.5248,0.3728,27.8751
5.1976,0.0143,-0.5492,0.3176,27.8709
5.171,-0.0015,-0.4775,0.3238,27.8674
5.3422,0.029,-0.7011,0.2872,27.8728
4.9533,-0.0239,-0.359,0.4532,27.8715
5.2322,0.0385,-0.6175,0.3003,27.8703
4.9994,0.0078,-0.4425,0.4412,27.8702
5.3734,0.0152,-0.6859,0.2708,27.8676
4.6721,-0.0036,-0.349,0.4342,27.8598
5.568,0.0256,-0.6404,0.3664,27.8611
4.8889,0.0203,-0.4846,0.3415,27.875
5.5235,0.0031,-0.5434,0.3497,27.8593
5.1534,0.0183,-0.5343,0.3602,27.8668
4.9244,-0.0025,-0.4818,0.3771,27.8661
5.255,0.0195,-0.5828,0.2703,27.8729
5.3499,0.0108,-0.4955,0.3501,27.8678
5.0336,0.009,-0.6889,0.3846,27.8666
5.3715,0.0006,-0.3561,0.3395,27.8697
5.0055,0.0172,-0.6432,0.3431,27.8563
5.1811,0.0074,-0.4266,0.4194,27.8631
5.2111,0.0171,-0.6364,0.3035,27.8599
5.0106,-0.0131,-0.3957,0.3442,27.8606
5.2278,0.0338,-0.5731,0.3603,27.862
5.3216,0.0171,-0.5805,0.3028,27.8616
5.1225,-0.0117,-0.4457,0.3626,27.8687
5.0854,0.0135,-0.5033,0.4274,27.8688
5.3874,0.0221,-0.6159,0.3303,27.8678
5.1964,0.0103,-0.6007,0.3244,27.8674
4.768,0.0027,-0.374,0.4282,27.8631
5.5319,0.0255,-0.6395,0.3317,27.857
5.0131,0.019,-0.4716,0.2724,27.8613
5.3891,-0.0072,-0.5272,0.4008,27.8659
5.1974,0.0322,-0.5413,0.338,27.8591
5.1941,-0.01,-0.523,0.3863,27.8755
5.1948,0.0178,-0.6296,0.2637,27.8698
5.1368,0.0056,-0.3976,0.4775,27.8724
5.1247,0.012,-0.6235,0.3365,27.8656
5.3356,0.0172,-0.4374,0.2865,27.871
5.1425,0.0087,-0.5284,0.4171,27.865
5.36,0.0385,-0.5627,0.2783,27.8606
5.1351,-0.0171,-0.4907,0.4188,27.8718
5.2833,0.0142,-0.6578,0.2519,27.8737
5.1247,0.004,-0.4366,0.4734,27.8759
5.0742,0.0087,-0.5991,0.342,27.8744
5.4369,0.0164,-0.448,0.3196,27.8605
5.0692,0.0114,-0.531,0.3998,27.8584
5.3785,0.0296,-0.5686,0.2949,27.8757
5.1925,-0.0218,-0.4831,0.3826,27.8641
5.3434,0.0069,-0.699,0.2721,27.8745
4.8493,0.0124,-0.322,0.5045,27.8666
5.4422,-0.0003,-0.684,0.3205,27.8691
5.2589,0.0325,-0.4691,0.275,27.8693
5.2708,-0.0021,-0.461,0.4586,27.8748
4.9784,0.0349,-0.5696,0.3199,27.8741
5.6781,-0.0371,-0.5216,0.3716,27.8708
5.0564,0.0319,-0.6785,0.307,27.8696
4.9623,-0.0098,-0.2653,0.4768,27.8725
5.553,0.0213,-0.7124,0.3357,27.8636
5.1369,0.0207,-0.5249,0.3062,27.8665
5.467,0.0003,-0.4165,0.4105,27.8691
5.0637,0.0108,-0.6437,0.291,27.8684
5.2635,-0.0201,-0.4592,0.4119,27.8584
5.1115,0.0311,-0.5215,0.4071,27.8685
5.4522,-0.0048,-0.5715,0.2906,27.8679
5.0283,0.0311,-0.4243,0.4207,27.8623
5.361,-0.0015,-0.7247,0.2659,27.8628
5.2579,0.0041,-0.3045,0.4259,27.8681
5.3009,0.0002,-0.7127,0.3315,27.8643
5.3266,0.0231,-0.4927,0.3721,27.8771
5.1275,0.0103,-0.422,0.408,27.8677
5.2982,0.0154,-0.7667,0.2042,27.8625
5.1403,-0.0062,-0.2933,0.5308,27.8706
5.3503,0.0118,-0.7367,0.312,27.8649
5.3189,0.0162,-0.463,0.3308,27.8678
5.4416,-0.0019,-0.4957,0.3985,27.8712
4.8862,0.0434,-0.5824,0.2957,27.8684
5.6731,-0.0288,-0.4498,0.418,27.8743
4.8172,0.0357,-0.5876,0.3523,27.873
5.7185,-0.0053,-0.5264,0.3029,27.8661
4.9963,0.0499,-0.4511,0.4008,27.867
5.2199,-0.0223,-0.744,0.2922,27.8681
5.4648,0.014,-0.2839,0.4579,27.8647
5.1072,0.0035,-0.668,0.3365,27.8735
5.5028,0.0306,-0.5067,0.3807,27.8685
