-74.786531,-0.294216,7.392988,18.547999,27.468985
0.0576,-0.0093,-0.0055,-0.1172,27.7076
12.6715,-0.045,-0.5971,-1.1703,27.7206
10.9848,0.0131,-1.8933,0.9129,27.7034
-2.4132,0.0516,-0.3087,2.398,27.6989
-0.4847,-0.003,-0.1336,-0.0375,27.6946
7.8094,0.0257,-0.7184,-1.3208,27.7162
11.5659,-0.0334,-0.4144,0.015,27.7125
4.1372,-0.0417,-1.3846,1.8033,27.6988
-4.3044,0.0279,0.5581,1.6893,27.7006
3.9331,-0.0066,-0.7334,-0.5287,27.7053
13.463,0.0252,-0.737,-2.0465,27.7214
8.2775,-0.0601,-0.9734,1.5955,27.6923
-3.1761,-0.0135,0.2012,2.8429,27.7026
-2.858,0.0761,0.6829,-0.8633,27.7111
12.6878,0.0257,-1.673,-1.3489,27.7102
11.4879,0.0094,-0.7604,-0.3983,27.7146
2.7165,-0.0181,-0.4761,2.3172,27.6914
-5.7977,0.0043,1.0485,0.2079,27.7113
4.6513,-0.0023,-1.0217,-0.4981,27.7094
14.141,-0.0517,-1.6197,-1.0302,27.7194
7.9641,0.0283,-1.4117,1.9229,27.6989
-3.4599,-0.0164,0.1232,1.2929,27.709
-1.5709,0.0367,0.6915,-0.1463,27.7051
12.531,0.0024,-0.8693,-1.4708,27.7046
11.3994,-0.0687,-1.803,0.8702,27.7011
-1.0274,0.0477,-0.2958,2.5275,27.7018
-1.1051,0.0153,-0.1797,-0.3257,27.7022
6.931,0.0067,-0.6709,-0.4747,27.7101
11.3369,-0.0324,-0.2182,-0.4508,27.7127
5.6579,-0.0315,-1.2724,1.7733,27.7034
-4.9256,0.0288,0.5235,1.9346,27.7067
3.9251,0.0211,-0.7649,-0.579,27.7071
12.9556,0.0046,-0.6786,-2.0695,27.7136
9.0813,-0.0473,-1.0533,1.2322,27.7022
-3.1467,-0.0187,0.1947,2.8413,27.6948
-2.2987,0.0324,0.1846,-0.4457,27.7166
10.4842,-0.0068,-1.4228,-1.2281,27.7074
12.7664,-0.018,-0.6317,-0.899,27.7187
3.3873,-0.0093,-0.7785,2.5447,27.6928
-5.1872,0.0157,0.8419,0.7855,27.7027
2.1905,0.0235,-0.3999,-0.3096,27.7026
15.1965,-0.0579,-1.789,-1.6331,27.7164
8.7759,0.0243,-1.5554,1.3467,27.7039
-1.9669,-0.0457,0.5366,2.0063,27.7032
-3.3793,0.0121,0.6373,-0.0706,27.7108
10.5008,0.0098,-0.9099,-0.9856,27.7177
12.6242,0.0178,-1.8205,0.0193,27.7047
3.045,0.0365,-1.1331,2.1301,27.7
-3.6131,-0.0109,0.6034,0.5115,27.7049
4.5463,-0.0014,-0.5767,-0.187,27.7059
11.4143,-0.0221,-0.3433,-1.0265,27.7111
9.7128,-0.0262,-1.8178,1.2165,27.7172
-5.6221,0.0543,0.371,2.5061,27.6962
2.6269,-0.0063,-0.4958,-0.121,27.7102
11.4203,-0.0036,-1.0807,-2.1607,27.7196
10.0462,-0.0551,-0.751,0.8098,27.7053
-0.4106,-0.0082,-0.6187,2.3494,27.7038
-2.8683,0.0627,0.6876,0.5126,27.7131
7.5172,0.0098,-1.2189,-1.1061,27.7139
13.6264,-0.0195,-0.5806,-1.4791,27.7195
4.9799,-0.0682,-0.2434,2.1783,27.7022
-4.0302,0.0085,0.0681,1.9508,27.7039
-1.0139,0.0681,0.0477,-1.0592,27.7144
15.5834,0.0178,-2.1564,-1.6063,27.7181
9.683,0.0162,-0.6076,1.0986,27.7022
-0.4927,-0.0168,-0.663,2.0488,27.7032
-4.0971,0.0149,1.3375,0.0571,27.7137
8.3985,0.0134,-1.0198,-0.837,27.7144
12.9826,-0.0594,-1.3991,-0.3203,27.7105
5.4538,-0.007,-1.4289,2.3598,27.7077
-4.711,-0.0305,0.4853,0.7766,27.7087
3.1574,0.0383,-0.2882,-0.6702,27.7122
12.2911,0.0038,-0.6036,-1.1055,27.715
10.8216,0.0062,-1.9124,1.0948,27.7
-5.1617,0.0253,0.2181,2.3897,27.7029
2.4971,-0.0474,-0.5284,0.1199,27.7094
9.6215,-0.0086,-0.6957,-1.8183,27.7281
10.6446,0.0009,-0.3041,0.3226,27.7089
1.209,0.0218,-0.9109,1.9919,27.6973
-2.6477,0.0601,0.64,1.2888,27.7032
5.7303,-0.0188,-0.9324,-1.0632,27.7154
14.0337,-0.0471,-0.8908,-1.6234,27.7161
5.7922,-0.0413,-0.7438,2.0421,27.7025
-3.399,0.0252,0.2819,1.9615,27.6963
-1.7921,0.0247,0.4683,-0.6526,27.7146
15.1854,0.0256,-2.0429,-1.3885,27.7146
10.2581,-0.0029,-0.9043,0.2499,27.7022
0.4049,-0.078,-0.4542,2.4764,27.7018
-5.0021,0.0222,1.4342,0.2003,27.6947
7.8223,0.036,-1.4706,-1.1542,27.7187
12.8537,-0.0122,-1.5135,-0.6764,27.7121
7.4657,0.0125,-1.2112,1.9467,27.7069
-4.9187,-0.0326,0.1831,1.0191,27.7098
1.3188,-0.0197,-0.1948,-0.0439,27.7125
12.8381,-0.0082,-0.5993,-1.2156,27.7216
11.0432,-0.0303,-2.0656,1.0271,27.7152
-3.5983,0.0217,-0.2009,2.4003,27.7067
1.2331,-0.0168,-0.0458,0.2251,27.7095
8.2683,0.0331,-0.7884,-1.1065,27.7147
11.6095,-0.035,-0.5021,-0.1419,27.7179
