5.297393,-0.111706,-1.730908,0.719326,32.401693
4.6384,-0.0975,-0.457,1.5201,32.4395
-1.7998,0.066,-0.7556,-0.8197,32.4564
12.9269,-0.0117,-0.1832,-0.3401,32.4426
4.6335,0.03,-1.0415,1.448,32.4455
-4.5685,0.0774,0.7474,-0.1207,32.4471
13.757,-0.0131,-0.7694,-0.9922,32.4524
5.4036,0.1552,-1.8236,1.5503,32.4448
-4.3241,-0.0983,0.6037,0.124,32.4398
16.2012,0.1947,-1.9014,-1.1592,32.4534
5.7486,-0.1027,-0.5532,1.4302,32.4404
-2.8425,0.0473,-0.4362,-0.5534,32.4531
12.2291,-0.0105,-0.338,-0.0353,32.4425
6.8375,0.056,-0.8405,1.2084,32.4407
-6.5502,0.0738,1.0378,-0.2323,32.4444
13.2624,-0.0128,-1.2439,-0.405,32.4425
9.8279,0.1967,-2.0192,1.0664,32.4412
-6.8496,-0.122,0.5914,0.569,32.4463
14.4592,0.1656,-2.3281,-0.8908,32.4556
9.3506,-0.0472,0.5525,0.4797,32.4393
-4.3159,0.0396,-0.389,-0.2169,32.4513
7.3771,0.006,-0.7642,0.784,32.4404
12.2854,0.0257,-0.3536,0.1545,32.4428
-4.4559,0.1137,-0.1986,0.4131,32.447
4.5647,-0.0502,-0.6167,0.3239,32.4476
15.5989,0.1958,-0.7226,-1.1256,32.4596
-1.303,-0.0819,-0.4426,1.3238,32.4463
5.1919,0.1258,-2.0828,0.2033,32.4412
11.2611,-0.0281,1.4787,-0.9872,32.4513
2.3749,0.0665,-1.393,1.2717,32.448
-2.4289,0.0506,0.2199,0.123,32.4484
12.7308,-0.0451,-0.0939,-0.8962,32.4565
7.6964,0.1494,-2.2837,1.2557,32.4452
-5.3894,-0.0968,-0.2017,0.4398,32.4397
14.4376,0.1566,-1.3687,-0.4196,32.4463
9.0815,-0.0589,0.1574,0.2116,32.4432
-3.7775,0.0777,-0.6982,-0.612,32.4504
6.4276,0.0068,-0.6605,1.2372,32.4427
12.4866,0.0327,0.1978,-0.1685,32.4534
-1.7717,0.1066,-1.6125,0.0095,32.4434
1.5583,-0.0656,-0.1284,1.3167,32.4462
15.2759,0.1814,-0.2363,-1.4491,32.456
3.481,-0.0842,-1.5683,1.1772,32.4458
0.1131,0.0949,-0.8432,-0.2138,32.4555
10.0166,-0.0022,0.6689,0.5475,32.446
8.5637,0.0611,-1.1595,0.3436,32.4429
-5.2892,0.0632,0.0388,-0.0664,32.448
7.1946,-0.0302,0.0432,0.7205,32.4384
14.2454,0.1821,-1.335,-0.9059,32.4542
-0.6958,-0.0993,-0.8917,0.3302,32.4475
5.2265,0.1135,-1.33,0.9008,32.4425
10.0179,-0.0175,1.1791,-1.0559,32.446
5.2953,0.0371,-1.817,0.7722,32.4459
-4.0788,0.0382,0.5807,0.5219,32.4418
9.8924,-0.0095,0.3557,-0.0322,32.4453
12.0603,0.1777,-2.67,-0.5208,32.4454
-2.0816,-0.1062,0.269,0.5364,32.4466
8.1191,0.1026,-1.9879,1.0819,32.4393
8.6486,-0.0076,1.3748,-1.5496,32.4507
4.6793,0.0258,-1.8491,0.782,32.4448
-3.2338,0.0597,0.7833,0.9496,32.4394
9.9103,-0.0022,0.1324,-0.5003,32.454
11.5552,0.1405,-2.4231,-0.3689,32.4471
-1.7258,-0.1312,0.0423,1.0132,32.4441
8.0774,0.1321,-2.113,0.7256,32.4394
8.37,-0.0613,1.3623,-1.6046,32.4521
4.8348,0.0479,-1.8664,0.7491,32.4473
-2.934,0.0553,0.7823,1.2593,32.4331
8.2656,0.0107,0.0968,-0.4726,32.451
12.8065,0.1637,-2.439,-0.9122,32.4532
0.2948,-0.1101,-0.2354,0.6147,32.445
4.9824,0.1115,-1.528,1.1287,32.4434
8.4066,-0.0117,1.4555,-1.2452,32.4507
7.2576,0.0344,-2.0846,0.6959,32.4446
-2.9093,0.0796,0.4879,0.7909,32.4483
5.1808,0.0068,-0.1218,0.5305,32.434
14.2445,0.1382,-1.001,-1.9817,32.458
3.5211,-0.0985,-1.3301,0.9428,32.437
1.7005,0.0686,-0.9665,0.7521,32.4391
6.5748,-0.0021,1.1002,0.0583,32.4481
9.8216,0.0247,-1.393,-0.0086,32.4417
-0.099,0.0732,-1.0405,0.5908,32.447
2.6409,-0.0381,0.09,1.6048,32.4339
11.796,0.1551,-0.1706,-2.0267,32.4516
8.1786,-0.0923,-1.4575,0.4037,32.4424
0.2655,0.0512,-0.3027,0.511,32.4459
2.6801,0.0264,0.2713,1.3424,32.4368
9.3372,0.0345,0.4393,-1.6095,32.4534
8.7934,0.1102,-3.0274,0.7744,32.4468
-2.4863,-0.0721,0.1353,1.4431,32.4376
10.8933,0.1645,-1.2759,-0.1088,32.4346
7.6248,-0.0709,0.8864,-1.2022,32.4548
4.9553,0.0388,-1.6993,1.2824,32.4397
-1.862,0.0556,0.4822,1.2574,32.4337
5.5772,0.015,0.6597,-0.5125,32.4449
13.7367,0.1789,-2.1877,-1.3335,32.4535
4.0341,-0.093,-0.9966,1.6081,32.4368
1.8277,0.0664,-1.2488,0.7335,32.4449
5.2005,0.024,1.2427,0.1385,32.446
9.9125,0.0594,-0.7586,-0.4195,32.4538
3.4382,0.1029,-2.2788,1.0797,32.4427
